date,ave_C,min_C,max_C,ave_ws,ave_rh
trend,0.5,-3.5,5.7,3.5,36
yhat_lower,-2.4,-3.3,1.3,3,30
yhat_upper,-5.2,-6.7,-3.2,3.5,22
trend_lower,-5.7,-7.9,-3.1,2.5,28
trend_upper,-4.1,-7.7,1,1.2,40
additive_terms,-4.2,-8,-0.6,1,53
additive_terms_lower,-0.6,-4.8,5.1,1.1,46
additive_terms_upper,-0.9,-3.8,3.1,1,51
,-2.1,-6.2,2.6,2.4,40
,-2.4,-7.5,3.7,1,49
,1.8,-4.9,10.5,2.2,38
,-0.7,-6.8,6.3,1.4,39
,0.1,-6.3,7.8,1.1,46
,-0.2,-6.4,5.2,1.8,50
,5.1,0.4,10.4,2.1,35
,2.7,-1.7,9.7,1.4,38
,1,-2.8,5.4,3.1,39
,-0.7,-4.5,4.3,1.9,50
,-1.9,-4.8,0.8,1.4,59
,0.2,-1.4,3.1,1,84
,2.7,-1.2,7.4,1.7,55
,2.8,-0.9,8,2,60
,1.9,-3.8,9.3,1.2,63
,5,1.1,9.4,1.9,22
,4.2,-4.4,12.7,2.9,32
,5.8,-0.3,13.3,1.9,33
,3.3,-2.8,10,1.1,40
,3.7,-1.4,10.2,0.8,43
,4,-2.9,11.9,2.3,48
,5.3,1.4,9.8,2.2,55
,4.5,0.3,10.2,2.9,76
,4.2,-0.8,10.1,1.6,72
,3.4,-0.7,6.5,2,72
,2.7,1,5.8,1.8,87
,1.9,1,2.8,2.8,94
,4.1,0.7,10,2.4,76
,4.4,0.1,8.5,1.7,80
,2.4,-0.3,6.5,3,76
,-0.6,-3.4,3.2,1.6,84
,2,-0.9,7.9,1.4,84
,1.7,-2.9,7.5,1.6,82
,-0.2,-0.7,5,2.7,90
,2.1,-1.4,7.3,1.6,67
,2.4,-1.8,8,1.4,51
,4.9,2,9.7,1.1,54
,4.1,-1.6,10.5,2.3,50
,5.1,1.3,9.7,2.3,61
,6.5,3.8,10.3,1.2,58
,2.1,-0.1,8,1.3,84
,1.2,-0.5,4.3,2.1,89
,3.9,1.1,8.1,1.8,71
,6.1,1.8,12.1,1.5,66
,6.1,-0.7,12.9,1.3,59
,7,2,13.4,1.4,49
,9.7,5.4,15,1.9,53
,8.6,4.7,12.3,1.3,63
,8.4,3.2,15.8,1.6,68
,10.1,5.2,16.2,1.9,58
,10.4,7,14.9,2.6,47
,4.7,3.2,11.6,3.3,18
,6.5,1.9,13,2.5,31
,11.1,3.7,18.9,2.7,29
,10.6,3,18.3,2.3,32
,11.9,4.4,19.9,1.8,31
,16.2,8.5,23.4,3.5,26
,15.6,7.4,26,1.9,29
,19.8,12.1,30.3,2.3,27
,17.5,12.2,23.4,3.6,26
,10.2,7.9,16.8,5.5,20
,7.6,4.3,11.1,3.5,44
,13,9.2,19,3,33
,11.4,8.7,15.4,5.1,42
,8.9,6.4,11.9,4.2,53
,9.4,3.4,15.4,2,53
,12,10,14,2.3,59
,15.2,9.7,23.3,3,51
,17.6,10.8,25.5,2.2,26
,17.9,12.5,24.6,1.9,29
,15.7,11,20.9,3.6,29
,11,7.7,16.9,3.3,53
,13.5,8.9,21,1.9,59
,15.2,8.5,24.6,2.1,47
,13.9,11.2,20.2,4.2,27
,9,7.3,14.2,4.2,45
,11.5,4.8,20.5,2,63
,15.1,6.7,26.1,1.2,48
,18.3,10.8,25.9,1.3,38
,14.1,9.3,21,3.8,50
,15.4,8.8,23.2,2.3,52
,13.7,10,18.7,3.6,62
,15.7,9.9,22.5,1.3,52
,13.2,10.3,18.6,4,33
,15.7,9.7,21.5,2.5,48
,13.6,12,18.9,3.7,73
,10.6,8,12.8,3.3,59
,10.5,4.5,17.6,1.6,46
,13.2,5.2,21.9,2.6,42
,14.4,11.8,17.9,3.6,32
,11.3,6.7,16.7,3.2,16
,11.3,6.1,18.2,1.6,25
,15,6.7,24.3,1.4,32
,17.1,8.7,26.1,2,35
,20.1,13,27.2,3.4,31
,22.4,14.2,32,2.1,25
,23.6,16.5,32,2.4,25
,24.4,19.2,31.8,3.4,25
,21.5,16.1,28.1,3.9,41
,17.2,14.7,26,8.2,50
,7.5,5,14.7,4.9,73
,7.4,3.5,12,2.1,77
,10.7,7.3,15.7,1.9,67
,10.7,9.3,13.2,1.3,88
,13.5,8.6,20.6,0.9,82
,17.6,11.4,25.5,1.6,69
,19.9,13.4,27.4,1.9,39
,20.7,12.7,27.7,2.2,39
,23.8,15.6,31.8,1.4,48
,23.4,18.3,27.8,2.2,51
,18.3,14.3,25.7,2.5,62
,19,12.7,26.4,1.8,58
,19.5,12.7,26.2,1.6,48
,23,17.5,29.8,1.8,44
,22.3,16.3,28.7,3.1,45
,21.8,17.5,26.3,2.8,50
,19.9,17.6,24.2,4.3,66
,17.8,16.1,19.3,4.2,80
,17.7,16.1,19.2,2.8,81
,16.8,15.9,18.9,3.1,82
,18.6,15.2,24.4,3.4,64
,20.2,11.9,28.8,1.3,39
,23.6,14.1,32.9,2.3,30
,26.3,15.7,36.6,1.8,27
,27.9,19.5,35.3,2.1,31
,26.8,21.1,30.9,1.9,38
,23.3,21.6,27.6,4.9,48
,20.4,16.6,24.4,3.2,73
,16.9,16.3,21.4,2.5,93
,20.3,15.7,26.9,1.4,72
,24.2,18,30.7,2.2,55
,25.4,17.7,33.2,1.8,38
,27.8,19,35.6,1.3,41
,26.7,23,33.1,2.9,59
,22.4,18.6,28.4,2.7,71
,21.9,19.2,25.2,3,76
,19.8,18.6,23.4,3.4,92
,20.4,18.1,25.1,1.9,88
,23.7,17.9,29.7,2.3,74
,19.2,16,27.1,3.6,82
,17.2,12.3,21.7,2.7,69
,19.5,16,22.8,2.1,57
,20.4,17.3,23.4,2.6,57
,23.9,16.7,33.7,1.7,47
,26.4,18.3,34.6,1.6,48
,27.2,20.3,34.8,2.1,47
,29.6,21.2,37.3,2.7,41
,29.1,23.8,35.1,3.9,41
,26.6,22.4,32.4,2.4,54
,27.8,21.2,34.2,2,47
,26.1,20.9,32.9,3.9,58
,18.1,16.8,20.9,3.7,88
,20.1,16.1,27.5,1.3,66
,21.4,15.1,28.3,2.2,52
,24.5,16,31.9,3,42
,27.7,20.7,34.1,3.9,40
,27.2,23.2,30.4,2.8,46
,29.1,22.6,35.4,3.4,46
,29.1,24.5,32.7,2.9,50
,30.5,25.1,36.7,2,53
,32.4,28.6,37,2.6,53
,29.3,25.9,33.1,5.7,59
,26.7,24,31.6,4.6,57
,23.4,21.7,26.3,2.6,75
,25.7,21.3,32,1.7,71
,27.8,23.7,32.3,1.8,55
,26.5,24,29.8,1.9,65
,28.5,22.1,36.2,1.9,54
,29.7,26.6,33.4,2.2,48
,30.5,22,39.3,2,42
,32.5,24.3,39.3,2.1,35
,31.8,26.5,37.2,4.4,41
,30.8,26.6,35.9,3.8,50
,31.1,27.7,36.2,2.9,58
,27.3,24.7,31.1,1.5,80
,29.7,24.5,36.7,1.6,70
,26.3,23.8,33.4,3.2,81
,29.1,24.1,36.5,2.5,67
,30.2,24.9,35.5,4.2,63
,30.9,26.5,36.6,4.1,61
,29.8,27.5,33.5,2.3,60
,26.9,22,31.1,2.1,69
,26.2,21.1,29.4,3.1,64
,27.8,23.6,33,2.4,62
,28.1,25.4,33.6,3.5,74
,25.6,23.5,29.2,2.8,87
,27.2,24.5,31.1,3.7,78
,25.8,23.9,29.7,3,77
,27.1,21.2,33.1,2.5,68
,26,24.6,30.3,2.5,78
,23.5,22.6,26,2.3,92
,25.4,22.5,29.2,1.1,79
,27.7,22.8,32.3,1.8,69
,27.1,24.5,30.1,4.7,75
,23.8,22.3,26.3,2.3,92
,24.8,21.2,30.3,2.2,80
,27.5,23.1,31.9,2.6,76
,28.6,25.1,33.2,1.7,80
,30,25.9,34,2.3,73
,29.6,26.3,33,3.3,68
,27.2,24.4,32.2,3,70
,24.8,21.3,27.4,1.2,78
,26.2,20.8,31.8,1.5,76
,28.7,23.3,35.7,1.7,66
,25.6,21.2,31.9,2.6,79
,27.8,23.5,32.5,2.2,78
,29.1,24.6,33.9,2.4,73
,30.7,25.9,35.8,2.2,63
,31.4,25.5,35.9,1.8,60
,31.7,26.9,36.7,2.1,61
,25.2,21.3,33.3,3,73
,22.8,20.4,27.1,2,84
,25.8,19.9,31.3,1.5,77
,28.9,23.1,34.4,2.2,68
,30.4,26.2,35.4,2.4,63
,27.7,23.3,32.6,3.4,68
,29.8,24.9,34.7,3,66
,31.1,26.4,36.6,3.5,64
,32.9,26.7,38,3.2,53
,32.1,28.8,37.9,1.3,55
,31,27.2,36.3,1.5,57
,29.7,24.7,34.4,3.1,53
,29.3,25.6,33.7,5.4,48
,28.4,24,32.7,4.2,49
,28.6,24,33.6,3.3,56
,29.6,25.3,34.5,3.5,58
,28.9,25.3,33.3,3.9,55
,28.4,25,32,2.4,58
,27.9,24,32.4,3,53
,27.6,23,32.5,3.8,58
,28,26.4,30.5,3.3,64
,22.8,20.1,28.6,3.2,84
,25.3,19.8,33.7,2.1,63
,25,21.4,29.5,2.7,47
,23.3,19.4,27.2,3.7,55
,25.1,20.3,30.2,2.8,56
,23.8,22.4,27.6,3.2,55
,23.4,19.1,28.4,2.2,64
,22.6,20.5,26.3,1.7,71
,22.7,18.6,27.7,2.2,64
,24,20.2,29.7,1.7,60
,22.8,21.1,25.2,2.2,60
,21.8,18.4,25.2,2.3,60
,21.8,17.3,27.7,1.8,69
,24.5,19.9,31,1.7,62
,24.7,21.1,29.1,2,60
,26,20.8,32.2,1.8,58
,24.2,17.2,33.8,1.2,57
,26.6,18.6,35.3,2,48
,27.6,21.2,34.5,3,45
,28.6,22.6,35.5,2.6,47
,27.6,23.1,32,3.6,49
,25.6,22.4,29.3,4.8,61
,19.8,18.4,26.6,1.7,90
,21.2,19.1,24,1.9,85
,21.2,18.5,26.1,2.7,84
,22,19,26.7,3.7,79
,16.1,14.4,23.6,3.9,90
,18.2,15.4,23.1,2,71
,17.3,13.8,21.1,1.3,62
,17.1,13.4,21.7,1.3,63
,19.1,14.9,26.1,1.2,63
,21.2,14.7,31.2,1.9,59
,22.2,16.5,28.9,1.7,59
,22.8,19.1,28.3,3.6,61
,22.9,19.4,29.1,2,57
,21,17.3,26.1,3.1,49
,19.8,14.7,26.8,1.2,60
,20.9,15.3,28,1,60
,22,17,28.5,2.5,53
,22.2,18.1,27.2,2.9,45
,21.2,14.9,28,1.7,51
,21.8,16.2,28.2,1.3,55
,21.2,14.3,28.5,1.3,56
,23.6,16.8,31,2.4,46
,20.7,14,28.8,0.9,42
,24.1,18.3,34.1,2.2,42
,22.8,16.8,29.4,1.6,50
,16.8,14.5,24,1.8,66
,14.6,12.8,18,2.2,71
,12.8,10.7,15.2,2.7,73
,13.4,9.7,19,1.4,77
,13.5,10.7,17.6,1.2,79
,13.8,9.8,19.5,0.8,77
,12.5,10.6,14.9,2.8,43
,14.5,9.7,21.7,1.9,51
,14.6,8.8,21.6,1,57
,15.1,9.3,22.1,1.5,62
,14.6,10.1,19.5,2.6,39
,12.5,9.4,16.4,3.1,45
,12,8.2,17.3,1.4,52
,12.6,7.8,19.1,1.6,60
,13.4,8.2,20.5,0.9,67
,13,10.2,16.1,1.8,66
,11.1,10.1,13.9,3.3,87
,10.4,9.4,11.6,1.9,91
,11.6,10,15,1.2,88
,11.5,8.5,15,1.3,87
,11.2,6.6,15.4,1,84
,12.8,10.9,15.2,2.9,76
,12.8,10.6,17.8,1.9,80
,11.9,7.7,18.6,1.8,77
,10.1,6.4,14.1,2.4,79
,11.3,10.1,12,2.3,81
,10.3,9.2,11.3,1.4,89
,9.3,8.8,10.2,1.8,78
,9.2,8.5,10.9,1.6,69
,9.5,8.3,10.7,1.4,72
,9.8,8.5,11.7,1.2,74
,9.6,6.4,14.9,2.8,47
,8.7,3.3,16,1.2,56
,9.7,5.4,17.1,2.9,50
,7.6,2.4,13.4,1.6,51
,6.6,1.6,13.7,0.7,61
,6.1,0.6,13.7,0.8,67
,7,1.3,14.7,1.3,66
,6.1,0.7,10.9,1.3,58
,6.3,4.5,9.1,1.8,70
,6,5,6.8,2.3,93
,6.6,3.5,11.8,2.8,63
,5.9,1.3,11.9,1,68
,5.9,0.8,13.3,2.1,62
,4.7,2,9.7,2.7,37
,4,-0.7,10,2.6,42
,3.1,-2.7,9.6,1.7,50
,6.1,0.3,13.9,2.1,46
,4.7,-1,12,1.3,55
,4.2,-1,10.7,1.1,63
,7.1,2.5,14.4,2.4,48
,5.3,-0.5,9.9,2.4,52
,8.2,4.9,12.8,2.7,34
,3.9,-1.7,10.3,1.1,54
,4.1,-0.7,10.6,1.1,61
,7,2.2,11.6,2.6,47
,3.8,-0.5,9.5,1.7,37
,2.7,-2,8.8,2.2,45
,1,-4,7,0.8,45
,2.5,-2.5,8.8,1.7,46
,1.4,-3.3,7.4,1.8,51
,3.6,-2.2,8.6,2,47
,6.5,3.8,10,1.8,49
,2.6,-1.7,8.3,1.7,63
,0.9,-2.5,5.2,2.9,71
,-0.3,-2.2,2.5,1.1,83
,-1.7,-4.5,1.3,1.3,83
,0.9,-1.2,3.8,1.3,76
,-0.2,-2.3,2.2,2,74
,-1.2,-4.2,2.2,1.1,72
,-1.7,-4.5,1.8,1,80
,-1,-3.1,1.1,1.2,78
,-0.1,-2.5,3.4,1.4,81
,-1.2,-2.7,1.1,2.5,47
,-3.2,-8.3,2,2.1,52
,-1.2,-4.5,5.1,1.3,49
,-1.7,-5.9,3.9,1.9,51
,2.9,-3,10.1,3.3,39
,5,-1.4,12.9,3.4,30
,3.8,-2.1,11.7,1.3,35
,3.8,-0.7,10.7,2.5,37
,5.8,-0.6,12.4,2.6,28
,4.9,-1.1,12.7,1.9,35
,1.6,-3.1,6.1,1.7,41
,3.7,2.1,5.6,2.1,43
,4.5,2.1,6.9,2.5,58
,3.3,1.6,6.5,2,27
,-2.1,-4.9,2.9,2.4,39
,0.3,-3.3,4.7,1.1,45
,2.9,-1.1,7.2,2.6,40
,2.5,-1.5,7.1,2.1,28
,-0.8,-5.6,5.1,1.3,38
,-0.7,-5.3,5.1,1.5,43
,-0.8,-4.2,2.7,1.5,56
,1.4,-3.5,7.8,1.5,52
,1.8,-3.2,9.3,1.7,43
,1,-3.5,5.9,3.3,33
,5.8,2.1,9.8,3.3,23
,3.3,-1.5,9.4,1.8,21
,0.2,-5.1,6.6,1.1,33
,0.4,-5.5,7.9,1.4,37
,2.6,-3.5,10.1,1.5,38
,6.1,0.7,13.3,3,36
,5.1,0.1,10.8,1.6,34
,3.7,-0.3,8.1,2.8,40
,3.7,-1.3,10.8,1.8,46
,4.8,0.1,9.8,2.4,48
,5.2,-1.2,13.9,1.8,47
,6.8,1,13.5,1.6,50
,5,1.1,10.6,1.2,56
,4.5,-0.5,10.7,1,71
,6.8,0.5,15.5,1.4,67
,6.9,2.7,11.2,3,46
,1.1,-0.2,7.5,7.1,52
,-2.5,-2.7,-0.2,5.2,87
,-2.6,-3.3,-2.1,2.7,87
,-1.9,-4.4,2,1.7,86
,-2.1,-3.5,-0.4,2.1,84
,-1.8,-3.1,-0.6,2,80
,-2.3,-4.3,0.3,2.5,76
,-1.5,-4.3,1.8,1.6,67
,-1.5,-2.7,-0.3,2.3,80
,-0.1,-2,2.5,2,64
,0.7,-1.9,4.9,1.6,62
,-0.4,-3.3,3,1.7,78
,0.7,-0.1,2.4,1.8,93
,1.2,0.2,3,2.5,94
,2,0.6,5.4,1,85
,2.9,-2.1,8.3,1.9,75
,3.7,-1.2,9,1.9,65
,4.4,1.7,8.2,2.7,75
,5.5,1.7,9.3,1.9,77
,7.5,4.7,10.4,2.3,72
,6.7,4.2,9.9,2.2,76
,7.7,5,11.8,2.3,81
,8.2,7.3,10,1.9,81
,7.3,4.2,10.1,3.3,62
,4.1,2.8,8.9,3.1,84
,4.6,2.8,7.8,1.2,88
,5.1,2.4,8.8,1.3,71
,4.9,1.1,8,1.1,79
,8.3,4.2,13.7,2,57
,5.5,4.9,9.8,3.1,64
,4.5,3,6.9,2.7,88
,4.8,3.4,7.9,4.5,82
,7.3,3.6,13.9,2.1,74
,8.2,1.9,15.5,2,64
,11.7,5.2,18.9,3,53
,12.1,9.3,16.3,2.4,54
,12.7,10.1,16.4,2.8,31
,10.4,4.7,17.4,2,32
,11.5,4,19.3,2.3,34
,14,5.4,24.1,2.4,34
,15.2,7,24.4,1.9,41
,17.1,10,24,2,37
,14.1,12.6,19.8,3.3,41
,12.3,7.7,19.4,2.7,59
,12.4,7.7,16.5,2.4,23
,10.9,3.2,18.2,1.7,39
,13.4,6.2,20.9,1.4,36
,15.6,11.2,21.4,2.2,34
,16,9.9,22.4,2.2,40
,18,10.8,26.6,2,45
,19.3,11.3,26.8,3,43
,18.1,14.5,26.9,2.6,59
,15.9,11.9,21.1,2,65
,17.2,11.1,23.1,2.5,58
,15.7,13.9,20.4,2,63
,14.4,12,18.4,2.3,77
,15.6,9.7,23,1,71
,15.6,13.1,18.7,1.6,58
,16.2,13.5,20.3,1.9,67
,14.6,10.3,19.1,2,68
,15.9,11.1,21.1,2.8,63
,15.4,12.5,19,4.3,41
,17.6,12.5,24.1,1.4,51
,18.9,11.2,25.5,2.4,47
,21.7,15.2,28.6,3.5,41
,20.6,19.6,25.5,1.4,64
,12.8,11.6,19.9,2.9,95
,14.1,11.3,17.9,1.7,82
,15.9,10.8,21.1,1.4,81
,17.4,14.7,19.8,2.8,75
,15.6,13.9,18.8,5.2,83
,13,12.4,14.2,2.8,87
,15.4,10.9,21.7,1.6,80
,15.3,13.6,17.7,3,88
,14.8,13.3,18.5,1.4,87
,15,13.1,17,2.8,83
,13.2,12.2,16.2,1.4,94
,14.4,7.9,20.1,2,80
,17.5,13.7,22.6,2.3,75
,19.7,15.6,23.7,2.4,71
,10.2,8.5,22.2,4.9,83
,13.8,8.2,20.2,2.5,64
,16,10.3,22.6,1.7,52
,17.1,10.7,24.5,1.1,58
,19.7,12.3,27.5,1.1,56
,20.7,13.6,27.1,2.3,47
,17.6,16.6,24.5,2.5,55
,17.5,13.6,22.5,2.2,48
,16.2,11.1,20.4,2.7,50
,18.1,11.8,24,2.2,44
,17.1,11.4,23.2,2.8,43
,20.2,12.8,27.4,2.6,47
,25,16.7,32.7,2.6,38
,25.3,18.2,33.9,3.6,37
,21.3,14.4,28.2,3,56
,12.4,11.6,14.4,3.1,94
,17.1,10.6,24.1,2.2,55
,18,11.6,24,1.9,54
,17.9,16.6,21,2.1,76
,16.9,14.3,19.6,2.8,61
,19,13.2,26.2,2.2,49
,18.6,15.9,21.9,2.2,58
,20.1,13.6,26.4,2.4,59
,22.6,17.4,28.4,2.2,51
,22.8,17,27.9,2.4,49
,23.5,15.4,30.7,1.8,49
,25.7,19.2,31.5,2.9,39
,25.9,19.4,30.7,2.5,45
,21.8,17.5,27.4,3.3,76
,22.5,17.5,28.2,1.9,77
,21.9,19.5,25.3,3,49
,24,16.6,31.4,2.3,40
,24.7,18.8,32.1,3.7,40
,26.6,19.4,32,2,40
,26,19.8,33,1.5,48
,24,21.5,29,1.5,58
,23.2,19.8,28.9,3.5,63
,23.9,18.8,29.8,2.9,62
,26.7,20.3,32.8,3.3,59
,25.9,21.6,30.6,6,53
,24.8,19.9,31.2,3.2,69
,24.9,20,30.5,2.7,69
,24.3,21.7,28,2.4,68
,25.7,17.6,32.5,2.2,46
,26.6,19.4,35.2,1.5,39
,28.4,23,34.6,2,34
,28.4,20.9,35.9,1.5,27
,28.3,20.6,35.9,1.7,28
,25.5,23.4,31.9,3.2,53
,22.6,21.4,25.1,1.8,68
,21.5,20.1,23.7,1.3,78
,25.1,19.6,31.6,1.6,63
,28.8,22.4,35.8,2.9,50
,26.6,20,35.9,3.1,55
,30.4,23.1,37.4,2.1,40
,24,20.6,34.1,2.8,78
,23.4,19.9,26.3,1.8,73
,25.8,19.8,32.9,1.4,60
,28,21.2,34,1.7,52
,29.3,22,35,2.5,45
,26.2,21.6,30.1,2.5,55
,22.5,20.4,25.5,1.6,77
,26.1,20.8,33.5,1.9,62
,29.8,24,37.2,2.2,49
,25.5,21.3,32,2.4,66
,25.4,21,31.6,1.4,71
,25.7,22.4,29.8,2.1,71
,27.9,23.3,32.9,1.2,61
,28.1,20.1,36.9,2,55
,25.9,22.8,33.3,1.7,66
,28.2,22.4,34.2,2.5,59
,28.7,23.9,34.3,5.3,57
,29.7,24.7,35.3,4.3,54
,31.8,26.6,38.3,2.4,48
,31,27.3,38.4,3.2,55
,23.2,21.6,27.8,2.8,86
,22.1,20.5,25,3,87
,26.1,20.8,32.9,1.9,69
,28.2,22.9,34.7,2.5,55
,28.3,21.9,34.8,1.8,55
,28.3,22.5,34.1,2.1,44
,29.4,21.9,35.9,2.6,48
,30.1,24.3,36,2.9,44
,30.3,23.2,36.1,3,45
,31,26.5,36.4,3.9,49
,31.1,26.7,37.5,3,52
,31.6,26.7,37.8,3.5,52
,33.8,27.6,40.1,1.9,46
,33.5,28.6,40.6,2.9,48
,25.6,22.1,32.1,1.8,74
,26.8,22.3,32.1,1.6,54
,28.1,21.6,33.8,2,51
,29.1,23.1,34.8,3.5,48
,30,25.3,34.9,2.8,45
,30.1,26,35.2,4.3,49
,31.7,26.5,37.2,3.5,53
,32,26.5,37.5,4.3,55
,31.1,26.5,36.3,3.6,61
,30.5,25.9,35.8,4.9,53
,30.4,26.1,35.8,3.8,52
,31.6,27.2,36.5,3.4,50
,31.9,28,36.6,1.8,51
,29.4,24.9,33.5,4.4,64
,23.1,21,29.3,5.9,77
,19.3,17.9,21.2,2.9,88
,18.4,18.1,20.2,2.6,95
,20,17,25,1.8,83
,23.4,18.3,28.7,1.6,76
,26.2,22.8,31,1.4,71
,22.2,20.3,27.2,1.9,88
,23.5,18.3,31.8,2.8,76
,25.3,19.4,31.5,1.6,60
,25.6,18.9,30.7,2.3,60
,24.8,23.5,28.4,3.2,62
,21.6,20,24.6,2.7,82
,24.1,20.6,29.7,1.8,69
,25.3,19.6,32,1.2,65
,25.7,19.8,32,2.3,59
,26.5,22.5,31.5,2.4,62
,27,23.2,31.4,1.9,61
,26.4,23.6,32.3,1.2,60
,25.6,21.1,30.3,2.6,50
,25.5,17.9,32.5,2.1,47
,25.2,20.1,30.8,1.8,52
,25.7,21.6,31.3,2.3,59
,25.3,20.4,30.8,3,61
,25.7,21.3,30.1,3.1,62
,21.5,18.9,28.1,4.7,83
,21,18.8,24.2,1.3,84
,20.9,20.3,22.6,2,89
,23.1,18.9,29.8,2,73
,23.2,17.3,30.6,1.7,56
,22.9,16.8,28.7,1.9,60
,24.5,19.4,30.4,3.2,65
,25.3,22,29.4,4,62
,22,21.2,26.9,1.7,92
,22.5,20.7,25,2,90
,21.3,20.6,22.4,1.7,95
,21.3,20.9,22,2.5,96
,21.8,20.5,24.9,4.3,90
,19.2,17,21.2,3.1,88
,16.5,15.8,18.7,3.8,92
,16.7,15.9,17.4,1.8,97
,16.8,16.5,17.3,3.2,97
,15.7,15.2,16.6,3,95
,17.1,15.6,20.4,1.5,91
,18.7,16,23.1,1.7,83
,19,15.9,24.4,1.7,79
,20.6,15.1,27.2,1.5,77
,22.4,17.4,27.8,2.7,77
,22,20.6,25.2,2.9,72
,18,15.9,21.9,2.2,87
,19.2,15.2,25.1,1.3,78
,18.9,15.4,23.2,2.7,81
,20.8,15.8,26.1,1.6,79
,20.9,19.5,23.9,1.2,85
,17.6,17,20.1,3.4,96
,19.9,16.6,25,1.1,81
,21,16.5,28.2,3.2,70
,18,15.1,22.6,2.9,85
,19.8,14.4,27.3,1.6,75
,20.3,15.3,25,1.7,75
,20.7,18.6,25.8,1.1,68
,19.6,12.8,26.2,1.8,59
,18.9,14.9,24.4,3.7,63
,18.3,13.7,23.2,2.2,63
,19.1,15.1,22.6,1.8,74
,20.6,16.8,25,3.2,67
,20.3,16.4,24.8,4.4,59
,15.5,12.5,21.2,2.6,67
,11.1,10.3,13.1,2.5,71
,12.6,10.3,16.9,2,65
,13.6,7.1,20.8,1.7,66
,14.3,10.2,18.7,1.6,71
,16,13,20.7,2.2,69
,17.7,14.2,23.7,1.7,66
,16.9,13.7,21.8,2.5,69
,18.3,15.8,22.5,1.7,75
,15,14.5,19.3,0.9,90
,15.9,13.2,21.1,2,83
,14.3,11.4,16.6,1.4,86
,15.6,10.4,23.7,0.9,77
,15.8,10.2,24.8,1.7,71
,16.7,10.5,25.7,1.2,70
,17.1,11.7,24.8,1.5,71
,15.9,14.1,19.1,6.2,48
,11.2,10.2,14.6,3.8,70
,11.8,10.1,13.8,1.9,77
,13.1,11.7,14.7,1.7,77
,13.2,12,15,2.7,73
,12.3,10.2,15.8,2.8,61
,10,4.9,14.8,2.2,41
,8.1,2.4,15.2,1.8,51
,9.4,2.6,16.1,0.9,59
,14.3,10.6,21.3,2.3,54
,11.7,6.7,16.9,1.8,61
,11.3,10.5,13.9,2.7,59
,10.2,8.2,12,2.8,67
,9.5,8.1,11.3,2.9,70
,10.4,9,12.3,1.7,74
,12.2,8.8,17.2,2.6,49
,9.4,5.8,14.2,1.1,55
,7.3,2.2,13,2.1,49
,6.4,1.8,11.4,2,62
,9.4,6.8,14.2,1.7,68
,7.1,2.8,13.2,1.8,70
,6.9,3,12.6,2,63
,6.9,2,11.7,1.5,61
,11,6.8,18,1.9,62
,9.6,4.8,16.4,1.6,67
,7.8,4.2,10.7,1.3,76
,6.4,5.3,9.7,1.7,84
,7.8,5.4,9.7,1.2,86
,7.5,7.1,8.6,1.9,94
,8.1,6.5,11.1,1.7,88
,7.7,5.5,9.9,1.8,83
,8.1,7,10.2,1.1,77
,6.3,3.4,9.7,2.7,77
,7.3,6.5,8.5,2.4,79
,6.8,4.4,9.4,3.1,48
,0.7,-0.8,4.4,3.1,36
,0.1,-4.1,4.3,1.3,54
,5,1.5,9.6,2.4,39
,0.9,-2,6.6,1.9,35
,0,-4.4,5.2,1.6,49
,1.8,-1.2,4.5,2.2,55
,4.1,-0.9,11.1,1.8,47
,3.1,-1.2,8.3,3.3,46
,3.5,1.2,6.5,3.4,61
,2.8,0.3,6.8,2.5,46
,2.3,0.6,5.3,1.3,47
,1.7,-1.3,6.9,1.2,40
,0.3,-4.1,6,1.3,52
,1.9,-2.2,6,1.8,56
,4,1.6,6.2,4.3,28
,2.1,-1,6.2,2.7,21
,1.1,-4.8,8.4,1.3,38
,0.7,-3.7,6.7,1.3,46
,0.8,-4.1,7.9,1.7,52
,1.6,-1.3,4.1,2.4,31
,0.8,-3.3,5.6,2.4,26
,-1.1,-6,3.8,1.4,38
,3,-2.3,10,1.8,38
,2.1,-2.8,7.8,1.6,46
,1.1,-0.5,4.2,2.6,45
,1.7,-0.1,3.9,1.4,50
,2.8,-1.7,8.5,2.7,56
,5.9,0.1,14.7,2.8,45
,4.7,-1.5,13.2,1.2,46
,6.1,-0.6,14.4,1.8,39
,1.5,-0.7,9.9,3,24
,-1.7,-6.7,4.1,1.5,40
,0.4,-1.4,3.1,1.7,39
,0.2,-4.5,6.9,1,46
,2,-3.9,7.6,1.6,50
,8.2,4.6,12.5,3.3,24
,4.6,2.6,8.1,2.2,41
,2.6,-2.5,8.6,1.9,64
,5.1,1.2,11.3,1.4,49
,3.1,-1.5,9.1,1.7,51
,2.4,-2.8,9.4,1,58
,2.4,-3.1,8.7,1.2,57
,4,-1.2,8.3,2.8,51
,2.4,-1.2,5.7,2.5,65
,1.5,-2.5,6.3,0.9,73
,2.2,-2.6,7.9,1.6,69
,2.5,-3.4,9.8,1.3,56
,1.6,-0.7,5.1,3.6,50
,4.5,-1.1,12.2,2.8,57
,2.6,-2.9,9.9,1.3,47
,7.5,1.5,15.4,3.3,35
,5.2,-0.2,10.8,2.6,25
,1.8,-2,7,1.9,40
,2.1,-3.1,8.3,1.4,49
,4.8,2.3,8.5,2.3,53
,1.3,0.2,4.3,1.8,84
,3,-0.2,5.6,1.7,77
,1.1,-1.8,5.1,5.8,76
,-3,-3.8,-1.4,4.3,83
,-0.7,-4,3.7,1.6,69
,-1.3,-3.2,1.3,1.8,58
,-1.2,-2.5,0.6,1.7,78
,-0.9,-3.9,2.6,2.5,74
,-0.4,-2.8,3.1,1.6,67
,1.1,-3.1,6.6,1.4,69
,3.6,1,7.9,1.1,53
,2.6,-0.5,7.2,1.3,43
,2.1,-3.6,8.6,1.2,47
,5.5,2.6,10.1,2.8,39
,3.3,-1.6,8.9,4.6,43
,3.1,-1.3,8.3,2.7,41
,5.6,-0.3,12.6,3.3,49
,9.3,3.5,17.2,2.3,36
,8.7,1.5,18.4,3.1,32
,7.6,1,13.8,2.1,32
,7.8,4.2,11.7,1.8,39
,11.9,7.5,17.3,3.7,29
,9.9,4.4,16.5,1.9,30
,7.3,1.1,15.2,1.9,34
,8.3,6.8,10.2,5.2,50
,7.2,5.5,9.6,5.2,57
,4,2,6.6,3.7,77
,7.3,1.3,15.9,2.4,65
,3.7,1.4,11.3,4.2,33
,5.1,0.9,11.3,2,40
,5.7,0.5,11.4,1.7,57
,8.6,2.5,14.9,2.3,43
,7.4,3.6,11.4,4.7,34
,6,3.5,10.6,6.1,47
,4.1,0.6,9.3,3,66
,4.5,-1.7,12,1.2,43
,8,1.4,16,1.8,40
,7.3,3.5,12.4,3.1,19
,5.1,4.1,7.4,3.9,36
,1.8,0,4.8,2.5,81
,4.7,0.4,11.1,1.3,67
,6.5,0.9,13.4,1.4,62
,11.4,6.2,19,1.7,48
,9.9,7.7,14.7,3.3,42
,6.2,4.3,9.7,4.5,50
,8.6,4.1,15.4,1.7,56
,10.1,3.7,19.4,1.5,51
,13.3,7.9,20.3,2.2,48
,14.4,9.7,20.1,2.2,33
,12.1,9.4,16.1,1.5,46
,13.5,6.8,20.5,1.4,53
,15.3,13.6,18.8,2.4,60
,10,7.5,13.5,2.5,82
,10.3,9.8,11.7,1.5,89
,12.3,8.7,18.5,2.1,71
,13.3,8.1,19.4,2.2,64
,13.6,9.7,18.7,2.7,57
,12.2,10.5,14.7,2.6,81
,8.6,8,11.9,2,82
,7.9,6.5,9.9,3.8,92
,8.9,6.6,11.8,3.3,80
,10.3,8.3,13.5,1.8,81
,13.1,7.1,20.6,2.4,69
,17.4,12.1,23.6,3,55
,17.9,13.5,23.3,4,57
,17.9,14.7,21,2.7,73
,12.9,8.7,19.6,6.2,84
,11.2,7.4,17.4,1.1,81
,12.4,8.9,17.8,3.1,83
,11.2,10.1,12.9,2.7,91
,12.8,9.8,17,1.2,75
,10.5,9.5,14.3,0.8,74
,10.3,7.4,14.4,3.1,75
,11,5.7,17.5,3.3,67
,14.5,8.2,21.8,1,63
,16,9.4,22.2,1.8,59
,17.3,15,21,2.4,54
,14.1,11.7,18.4,3,32
,11.9,6,18.4,2.3,31
,13.5,5.5,20.4,1.3,43
,20.8,12.2,29.5,2,40
,19.2,16.6,26,4,31
,17,13.8,20.1,2.4,45
,15.2,13.9,17.9,2,72
,14.6,12.4,18.9,2.6,77
,15.3,9.6,20.8,2.7,68
,16,11.8,22.3,3.1,71
,17.9,11.5,23.5,2,58
,18.9,11.5,26.1,1,57
,20.1,13.1,27.1,1.1,55
,21.4,14.6,27.7,1.5,52
,21.5,15.9,29.1,1.7,51
,21,13.1,30.2,1.4,59
,24,16.8,31.5,2.1,50
,22.4,17.2,27.6,3.5,55
,23.9,19.3,29.3,3.1,55
,15.7,14.1,25.8,3.1,84
,19,12.5,25.6,2,72
,19,16.7,22.5,2.3,65
,20,15.2,25.2,2.2,59
,20,13.8,26.5,1.3,55
,21.7,15.3,29.3,1.7,51
,18.1,14.2,23.8,2.6,70
,18.7,12.7,28,1.5,67
,22.7,17.7,29.1,2.4,50
,16.7,11.4,24.8,3.5,69
,16.6,10.6,23.9,3.3,53
,18.3,9.4,28.2,1.5,46
,22.1,14.1,31.8,1.2,53
,23.2,19.7,28.6,2.8,58
,23.6,17.5,30.5,1.7,56
,21.3,17.7,26.3,1.9,56
,23.1,18.2,28.6,1.1,59
,25.5,19.3,32.2,1.5,48
,26,19.1,31.7,3.5,44
,22.7,21.5,28.9,4.6,44
,17.2,14.3,21.8,2.4,72
,19.3,15.1,25.1,1,67
,22.4,15.4,28.7,1.3,53
,23.5,15.1,30,2.3,49
,24.1,19.3,28.9,1.8,48
,25.1,19.4,30.4,1.3,47
,25.8,19.7,32,1.8,49
,22.1,18.6,28.9,2.2,65
,22.7,17.8,29.1,2.4,69
,25.1,18,32.5,1.4,56
,23.2,18.4,29.1,1.6,64
,22,21.4,25.7,2,77
,21.2,19.5,23.3,1.9,85
,20.8,20.1,22.4,2.1,82
,22.1,16.5,29.6,3.5,61
,26.2,17.8,34.7,2.6,35
,27.5,21.1,33.7,2.1,39
,25.9,20.6,30.1,1.3,46
,26.6,19.4,33,1.4,42
,27.9,19.5,35.4,1.5,42
,27.1,22,31.5,4.4,34
,26.1,18.9,33.8,2.6,28
,25,19.2,29.8,2.1,37
,26.7,18.8,32.4,2.3,37
,26.3,21.7,30.4,2.3,42
,20.9,19.1,26.9,3.7,79
,21.1,19.5,23.5,2.1,79
,24.3,18.4,31.5,1.3,70
,27.9,22.7,33.6,1.9,55
,28.6,21.7,35.9,1.7,48
,25.2,23.5,30.9,4,56
,25,19.1,31.3,3.1,58
,26.6,21.8,31.3,2.6,52
,21.5,20.5,28.3,3.6,93
,19.4,18.6,20.5,2.4,95
,23.4,18.9,29.7,1.3,79
,23.2,21.7,27.5,3.2,86
,21.2,20.5,22.4,4.3,93
,23.4,21.3,26.4,4.3,77
,22.1,19.9,25.5,1.7,89
,23.5,21.1,27.7,2.4,88
,27.8,21.6,34.6,1.1,60
,28.3,23.1,34.9,1.4,54
,26.6,24.2,30.7,2,57
,26.2,22.1,31.2,1.9,59
,26,23,29.9,1.7,59
,27.2,20.6,32.9,2.6,51
,26.8,21.2,32.6,3.2,52
,27.7,21.6,33.7,3.1,52
,27.3,22.9,32.4,2.4,48
,27.5,23.1,32.4,2,55
,28.3,23.2,33.6,3,51
,29.3,24.4,35.1,2.3,54
,29.7,26.5,34.3,2,50
,29.8,24.2,36.4,1.7,53
,24.1,21.3,32.1,2.3,74
,24.4,20.5,29.3,2.4,67
,26,21.8,31.5,2.9,62
,26.5,21.7,32.8,3.8,58
,26.1,20.3,32.9,2.3,64
,26.4,21.5,34.4,3.9,65
,27.2,21.1,34.6,1.6,63
,27.3,24.3,32.6,2.5,60
,27,23.6,33.3,3.1,55
,28.2,22.3,37.8,2.5,47
,28.4,20.3,36,1.2,49
,30.1,23.3,36.4,2,53
,30.6,26.1,36.6,2.5,58
,32.4,26.1,38.2,2.9,48
,33.2,27.5,38.7,1.3,45
,33.7,27.5,39.5,1.8,45
,32.4,27.2,37.1,2.6,54
,32.3,28.2,36.9,3.6,61
,30.2,23.7,39.3,2.9,68
,25.6,23.4,31.9,2.6,82
,23.1,21.6,26.1,1.8,80
,24.9,18.4,32.4,1.5,62
,27,20.4,33.2,2,58
,28,23.7,32.1,3,64
,27.3,25.2,30.2,3.4,65
,26.2,24.2,30.9,2.3,71
,27,23.1,32.1,2,71
,27,24.5,30.2,3.4,71
,26.6,24,30.8,2,68
,26.2,22.8,32,1.6,77
,24.8,22,27.8,1.7,68
,25.7,20.4,31.8,1.7,64
,27.2,22.6,32.7,1.8,60
,24.3,22.6,29.6,1.9,67
,21,19.9,24.1,1,82
,22.9,19.3,28,1.8,78
,26.3,22,33.6,2,56
,26.7,21.5,33.6,1.9,51
,27.3,20.1,34.6,1.5,51
,25.9,22.5,33.6,3,55
,23,17.9,28.8,2.3,67
,24.9,19.7,30.3,2,62
,25.8,20.6,31.5,2.7,60
,25,20.1,31,1.8,58
,25.9,20.7,34.4,1.2,57
,26.3,19.5,34.3,1.5,51
,26.5,21.9,33.8,2.5,55
,24.8,20.3,30.2,2.6,62
,25.8,19.9,32.4,2.6,63
,25,21.2,30.5,3.5,67
,24.1,21.9,27.8,3.7,67
,22.5,19.1,28.6,2,82
,25,20,32.1,2,73
,26.1,20,32.7,1.9,53
,23.9,19.8,28.8,4.5,70
,21.7,20.1,26.6,2.9,79
,20,19.4,21.2,1,94
,20,19.3,21,0.5,96
,21.7,17.5,27.8,2.9,66
,20.9,16.3,26.4,1.4,52
,18.4,15.5,22.7,2.2,65
,19.9,13.4,26.3,2.3,65
,21.9,17.4,27.1,3.2,60
,20.2,18.4,23.8,4,66
,20.8,17.5,25.8,1.5,80
,21.2,19.7,23.8,1.5,79
,21.5,17.3,26.1,1.3,78
,22.2,17.2,27.7,2.3,71
,23.5,18.6,29.8,2.9,55
,20.5,16.4,25.3,2.7,69
,19.6,13.9,24.7,1.4,74
,19.1,16.1,23.1,2.3,75
,20.7,16.2,26.4,1.4,68
,23.1,19,27.5,1.5,65
,23.4,19.8,27.4,2.3,59
,21.9,20.6,24.4,3.1,71
,19.3,17.6,21.9,5,74
,17.6,15.8,21.1,3.1,78
,15.3,11.2,20.4,3.1,35
,12.8,7.9,17.2,0.6,63
,13.1,10,16.3,1.1,75
,15.1,11.6,21,0.7,77
,16.4,11.6,22.3,0.8,75
,16.8,16,18.6,1,88
,18.4,15.2,24.8,1.5,80
,14.5,11.1,20,2.3,73
,13.8,8.8,21.5,1.9,75
,16.7,10.2,25.2,2.7,55
,14.6,8.1,22.4,1.7,49
,14.4,8.1,21.4,1.8,49
,14.4,9.7,19.5,0.9,58
,16.6,10.4,24.6,2,60
,17.2,11.6,24.3,1.7,62
,18.1,11.6,25.5,1.6,58
,19.4,14.9,24.8,1.6,65
,18.7,13.9,23.4,2,64
,17.9,13.8,23.5,1.5,72
,17.9,13.2,24.5,1,76
,19,13.7,25.8,2,67
,17.2,14,20.8,1.6,64
,16.3,13.9,19.2,1.6,79
,14.5,14.2,17.5,3.5,95
,12.6,12.2,14.5,3.4,92
,10.8,7.6,13,3.6,81
,9.7,4,15.6,1.4,73
,11.5,10.1,13.2,1.4,76
,13,8.5,18.1,1.6,76
,11.6,10.6,14.7,3.2,43
,8.1,7,11.7,3,82
,9,5.6,14.7,0.8,75
,8.2,2.8,14.5,1.1,75
,10.6,5.4,16.4,1.5,73
,13.1,11.2,15.5,1.2,74
,12.5,11.5,14.3,2.8,86
,10,8.4,11.7,3.6,92
,7.7,7,8.4,1,94
,9.3,5.8,15.7,2,79
,9.2,4.6,14,1.4,80
,10.4,9.7,12,1.9,83
,9.4,8.1,10.8,3.7,78
,9.1,8.2,10.1,3.3,81
,9.7,7.3,11.9,1.6,79
,10.9,9.4,13.2,2,79
,11.4,9.7,15.1,1.9,81
,9.2,6.7,11,1.6,91
,9.5,9,10.7,2.7,89
,8.9,7.5,9.9,2.5,88
,8.9,8,11,1.9,85
,8.7,6.2,10.7,1.4,90
,9.7,8.6,10.4,2.5,88
,9.7,9.1,10.6,2.9,82
,6.4,3.8,9.6,4,87
,1.9,0.2,3.8,3,90
,6.4,2.9,13.4,3.4,64
,2.7,-1.2,7.3,2.5,52
,4,-1.3,10.5,1.4,66
,3.9,0.6,8.5,0.3,81
,3.4,-1.6,9.2,1.2,85
,2.9,1.1,6.8,1.3,95
,7,1.1,15.6,2.2,81
,8.8,6,12.5,1.9,30
,5,1.8,9.3,1.3,33
,2.2,-2.2,7.6,1.7,48
,4,0.5,7.7,1.2,49
,3.4,-1,9.8,1.1,59
,3.2,-0.9,8.3,1.8,65
,3,0.1,5,1.6,81
,4.6,3.8,5.5,1.3,80
,5.4,4.7,6.7,1.6,80
,5.4,3.8,6.4,4.6,63
,3.4,1.9,6,2.4,74
,3.9,1.9,6,3.2,81
,3,0,7.2,2.8,54
,2.6,-0.9,6.9,3.5,46
,0.4,-4,4.8,2.5,41
,-1.5,-6,3.2,1.8,48
,1.4,-2.3,6.4,1.2,52
,2.1,-0.4,5.4,2.3,48
,0.6,-3.6,5.1,1.4,63
,0.3,-2.7,1.8,1.3,68
,3.7,1,6.7,1.3,58
,1.9,0.7,5.2,2.1,69
,4.7,0.3,9.7,3.5,55
,4.7,-1,11.6,2.8,41
,6.2,0.8,13.1,2.1,40
,2.1,-1.8,8.1,2.4,55
,-0.8,-4.2,2.9,1.7,73
,2.8,-2.9,10.6,1.8,64
,2.3,-3,9.1,1.5,62
,1.4,-3,7.1,1.4,59
,5.8,1.7,13,1.8,53
,3.6,-1.6,11.6,1.3,64
,4.1,-1.4,11.1,1,69
,5.1,2.8,9.6,1.2,69
,2.1,-0.8,5.3,2.5,72
,1.2,-2.2,5.9,2,76
,2.1,0.1,6,1.6,56
,0.3,-4.1,5.3,1.7,57
,0.3,-3.7,4.7,1,58
,1.8,-2.6,6.7,1.2,66
,2.4,1.4,4.4,4.1,53
,-0.3,-2,1.4,2.4,79
,0.2,-4,5.1,1.8,68
,1.6,-3.1,7.5,1.9,53
,0.3,-5.3,7.1,1.4,55
,2.3,-1.4,7.6,1.3,55
,1.9,-1.6,6.9,2.1,52
,0.9,-2,4.7,2.3,34
,-1.9,-5.8,1.8,3.6,29
,-0.1,-1.9,2.1,1.7,73
,0.5,-3.3,4.4,2.8,70
,-1.4,-3.7,3,3,49
,-3.6,-7.2,0.3,4.4,24
,-6.7,-10.6,-2.9,3.1,25
,-6,-11.5,0.7,1.6,39
,-3.6,-9,2.9,1.5,39
,-2.5,-7.2,2.4,1.4,42
,1,-4.6,7.2,0.9,42
,0,-4.7,4.6,2,49
,0.4,-1.9,2.8,1.6,60
,-1.3,-2.1,1.8,2,86
,-2.3,-7.2,3,1.8,59
,-1.7,-6.6,3.7,1.3,53
,0,-5.3,5.9,1.7,57
,3,-2.9,9.6,1.6,50
,3.1,-1.5,8.3,3.1,40
,2,-3.9,9.3,2.1,28
,7.6,1.2,15.8,3.2,27
,6.6,-1.6,15.3,0.8,36
,5.9,-0.4,13,1.7,39
,8.1,4.3,13.4,1.8,40
,8.6,3.5,12.9,2.2,61
,5.4,0.6,11.1,4.3,71
,0.4,-0.8,3.2,4.5,55
,-0.1,-1.6,3.1,2.2,32
,0,-4.6,5.3,2,35
,3.4,-1.5,9.8,1.7,30
,3.3,-2.6,9.8,2,33
,5.8,-0.4,12.7,2.1,38
,7.7,3.5,11.8,3.2,20
,5.1,1.8,7.7,2.7,18
,0.7,-0.5,4.8,2.5,51
,3.7,-2.6,12.5,1.6,64
,5.9,3.3,9.6,2.2,34
,5.2,-0.4,11.8,1.1,37
,8.9,2,17.4,2,40
,9.6,3.2,17,1.4,32
,12.9,5.4,21.7,2.6,28
,13.1,11.2,18.2,3,22
,8.5,2.8,14,3.1,30
,7.9,3.6,12.7,1.9,39
,11.7,5,21.2,1.5,37
,13.3,5.2,22.2,1.7,36
,11,8.9,17.2,1.8,55
,10.1,5.2,14.2,1.9,27
,11.5,6.6,17.5,1.6,28
,10.9,9.6,14,1.6,39
,10.3,8.9,12.4,3.8,43
,3.6,1.6,10.4,4.5,55
,2.9,-1.2,7.6,1.4,53
,5.4,0.5,11.2,2.8,32
,8.9,4.5,14.7,1.7,37
,10.3,5.3,15.5,1.7,28
,9.3,3.7,16.2,4.5,28
,12.8,10.1,16.5,3.1,33
,10.4,7.5,13.6,3.2,46
,11.6,8.2,14.8,1.7,57
,13.8,6.5,21.6,1.7,61
,18,12.3,26.4,4.8,42
,15.7,13.7,21.3,6.3,56
,14.8,10.7,18.7,5.3,43
,11.8,10.4,17.7,1.2,66
,11.8,10.7,14.1,1.4,70
,9,7.8,11.1,2.2,72
,8.7,6.6,12.2,1.4,81
,10.7,5.2,17.6,1.8,55
,11.4,4,19.3,2.7,34
,15.9,7.7,24.6,2.3,35
,17,12.1,22,2.5,35
,16.9,10.4,23.5,2.2,38
,18.6,11.2,26.1,1.4,36
,20.3,14,28.2,1.7,44
,20,14.4,25.9,3.4,47
,13.1,11,21.4,4.7,61
,13.1,11,15.5,2.1,58
,11.7,10.7,13.5,1.3,83
,12.5,11.1,15.2,1.2,91
,16.7,10.7,26,1.4,67
,17.4,12,22.5,1.7,47
,17.6,13.6,22.7,1.8,51
,18.7,12.3,25.8,1.2,56
,20.2,15.3,26,2.6,52
,17.4,14,22.1,1.7,55
,16.5,10.7,20.7,2.2,60
,18.6,12.6,25.1,1.8,57
,16.8,12.5,23,4.6,67
,16.2,9.9,23.1,2.6,56
,16.5,11,20.4,3.6,40
,16.3,8.1,23.8,2.6,46
,18.5,13.9,22.9,2.8,55
,20,16.3,26.5,1.7,54
,19.9,13.2,27.6,2.2,42
,21.1,14.3,26.3,2.1,44
,21.2,17,25.8,2.1,42
,19.1,13.9,24.6,3.1,57
,19.7,15,24.3,2.5,55
,20.8,16.8,25.6,2.2,58
,21.2,16,29.9,3,52
,20.1,13.8,27.2,3.4,53
,22,16,30.6,2.2,51
,24.7,17.1,33,0.9,48
,27,18.8,33.8,1.8,42
,20.1,12.7,29.4,2.8,37
,19.6,12.1,26.7,1.9,34
,22.5,14.1,29.9,2.8,37
,24.6,20.4,29.4,1.7,49
,21.3,20,25.5,2.6,34
,13.7,11.9,20.5,2.1,81
,15,12,18.4,1.9,71
,21.1,15.1,28.5,2.1,56
,22.7,14.9,31.2,2.7,56
,25.4,18.8,31.9,2.7,50
,21.8,18.2,28.6,3.2,37
,13.3,10.9,18.2,4,67
,11.5,9.8,13.1,2.3,91
,17.4,11.6,23.4,2.8,48
,18.4,9.5,25.4,1.6,51
,21.5,15.1,27.5,2.8,51
,24.1,19.3,28.6,3.5,42
,21.5,18.8,25.4,3.8,57
,22,18,26.3,3.3,59
,22.3,17.1,28.1,3.6,54
,21.4,19,25.5,3.4,57
,19.1,14.8,25.4,3.2,64
,21.3,12.9,28.9,2.5,52
,18.8,16.4,26,2.3,57
,15.8,13.5,18.2,2.3,75
,14.7,13.4,17.1,1.5,89
,18.7,14.6,24.5,1.7,69
,23.3,16.4,30.9,2,54
,24.3,18.5,29.5,2.6,49
,22.4,20,27.8,1.5,71
,19.7,18.3,22.2,3.1,86
,16.6,15.7,18.3,1.9,94
,21.1,16.1,28.8,2.2,74
,24.2,18,32,2.5,62
,25.3,18.4,34.1,3.1,54
,23.5,19,28.3,3.1,68
,25.2,19.5,30.4,3.2,67
,23.9,19.8,28.6,3.2,67
,26.4,20.9,33,1.7,59
,27.7,21.8,34.6,3.4,46
,26.6,23.1,33,3.5,55
,25.4,20.2,32,1.8,66
,28.6,22.3,37.2,2.7,46
,29.8,24.2,35.4,3.8,34
,26.7,22.2,31.9,2.9,30
,27.3,19.4,34.9,2.2,32
,30.2,20.7,36.9,2.6,28
,30.5,23.5,36.2,1.8,38
,32.3,26.9,37.6,3.1,44
,31.2,26.8,37.5,3,46
,29,26.9,33.5,1.7,56
,30.9,23.9,37.7,1.8,47
,23.4,19.5,35,2.8,80
,23.9,19.1,29.8,1.5,77
,27,23.2,31.4,1.4,63
,26.8,23.8,29.5,2.2,53
,27.2,21.3,33.3,1.8,56
,29.7,24,36.3,1.9,45
,31.1,22.5,38.1,1.5,44
,29.3,25.9,34.9,2.3,49
,28.5,22.4,35.1,1.3,52
,29.3,23.8,36.4,3,49
,29,26.1,32.9,2.4,52
,29.5,23.9,35,3.9,51
,28.6,24,34,4.4,49
,29.4,24,34.2,3.8,45
,28.9,24.7,33.8,3.2,54
,31,26.6,36.9,3.1,53
,30.5,27.2,35.6,4,61
,29.5,25.7,33.3,4.1,67
,28.4,25.9,35.8,3.4,73
,28.7,23.9,34.1,3,64
,26.5,25.4,30.9,2,70
,21.5,19.7,25.4,2.3,93
,24.7,18.8,31.2,1.6,74
,29.4,23.2,36.2,3,57
,28.5,22.5,33.4,3.2,58
,26.8,25.3,30.7,4.5,73
,24.3,22.3,27.4,2.7,87
,26.8,21.8,32.1,1.7,70
,29.6,22.9,36.5,1.3,61
,28,24.6,33.3,2.2,72
,28.6,25,33.2,2.3,71
,30.4,26.5,37.5,1.7,72
,27.7,23,32.9,2.3,75
,26.8,23.1,31.8,2.4,73
,28.2,23.3,35.9,2.4,65
,30.5,24.2,38.6,1.4,60
,31.8,25.8,36.9,1.8,59
,28.8,26,36.2,3.9,65
,28.5,24.6,33.5,3.2,70
,28.9,25.8,35.2,4.2,70
,29.4,23.6,34.1,5.1,69
,29.4,25.8,33.5,4.3,66
,28.4,25.1,32.4,3.7,64
,27.8,24.8,32.6,3.3,63
,26.5,22.5,30.2,2.7,73
,27.6,23.2,32.7,1.5,70
,28.1,25.1,31.7,3.2,65
,28.2,24.9,33.2,3.5,63
,29.5,25.6,34.7,3.5,64
,30.6,26.2,35.4,3.1,65
,31.7,27,36.6,2.9,58
,32.8,27.9,37.7,2.8,58
,32.6,28.4,37.2,4,59
,32.6,28.3,37.8,3.4,60
,30.5,26.6,35.6,5.7,65
,29.9,25.5,35.4,4.3,66
,31.6,26.8,38.1,2.5,60
,32.2,27.4,37.4,2.7,59
,30.2,26.8,34.2,4.8,68
,29.3,26.2,33.6,5.8,66
,29.3,25.9,34,4.8,55
,30.1,25.8,35.2,3.3,60
,31.4,27,37.2,2.8,62
,23.9,21.1,32.6,3.3,86
,22.3,21,24.3,2.2,70
,23.8,18.1,30.1,1.3,65
,24.6,18,30.4,1.7,57
,24.1,20.6,28.9,2,53
,24.1,21.8,28.2,1.4,62
,25.3,20.2,31.7,1.8,65
,26.3,20.4,34.5,1.9,52
,27.3,18.9,34.3,1.7,42
,25.4,23.8,29.6,1.3,48
,27,21.8,33.7,1.7,48
,25.7,22.5,29.7,2.2,55
,23.1,22.4,26.6,1.6,71
,23.2,17.9,28.9,1.7,59
,25,17.6,31.8,1.9,47
,23.4,21.3,28,3.2,60
,23.5,17.7,31,2.3,59
,25,17.7,32.5,1.7,47
,21.1,19.2,27.3,3.1,65
,21.4,19.1,25.1,1.4,75
,21.7,18.8,24.9,1.4,78
,22.1,19.6,26.2,1.6,76
,23.8,18.4,29.8,1.3,69
,25.2,21.1,29.7,2.1,58
,22.9,20.4,26.2,1.9,71
,18.3,17.1,20.4,2.6,95
,19,17.6,20.8,1.3,90
,19.9,16.7,26.2,1.1,82
,21.3,15.5,28.6,1.3,73
,24.7,19.5,31.3,1.5,64
,22.2,21,27.3,1.5,75
,22.8,19.7,27.3,2.1,72
,19.9,18.3,23.9,2.5,83
,19.7,17.6,22.2,1.3,89
,19.5,17.9,21.3,3,57
,17.3,13.9,22.1,2.3,66
,20.7,17.1,26.6,1.5,64
,21.7,17.5,28.3,1.6,63
,22.5,16.6,30.7,1.8,62
,23.4,16.8,31.6,1.7,61
,22.3,19.7,27.8,3.5,54
,14.6,13.8,19.7,1.9,82
,14.6,13.1,15.8,1.3,94
,16.3,14.4,21,2.4,90
,17.4,14.4,22.2,1.8,75
,14,12.4,18.9,2.9,77
,14.2,12.2,16.8,1.5,76
,15.1,13.3,17.2,1,81
,14.9,13.9,16.8,1.2,88
,15.5,12.9,18.8,1.4,82
,15.7,14.2,17.8,3.1,74
,14.3,12.5,16.2,2.5,88
,16.9,14.1,20.7,2.4,79
,17.9,13.6,23.4,2.3,72
,17.5,11.9,23.6,1.9,72
,17.8,12.6,23.4,1.3,75
,21.3,17.8,27.3,3.7,66
,16.9,15.3,21.5,3.4,87
,14,12.9,16.1,1.2,92
,12.3,11.2,13.1,3.1,92
,10.8,9.3,12.1,2.4,89
,10.5,9,12.1,1.9,97
,11.9,10.8,12.9,1.6,96
,11.8,10.3,12.6,2.6,91
,8.6,7.5,10.4,3,66
,9.3,6,14.5,1.9,69
,8.6,4.3,12.9,1.4,79
,10.6,6.8,15.1,2,59
,8,5.8,11.9,2.1,70
,8.5,4.6,15,1.2,81
,9.9,4.2,17.8,1.6,83
,11.2,5.9,19.4,1.4,83
,12,7,18.3,1.5,83
,12.1,8.8,15.7,2.4,90
,11.1,9.2,14.3,3.1,73
,8.9,5.9,12.2,2,63
,8,6.9,10.6,1.8,77
,9.4,4.6,16.9,2.2,64
,9.7,3.3,17.2,1.7,69
,10.4,6.1,16.6,1.6,73
,11.4,7,18.2,1.2,72
,11.3,7.8,16.3,1.2,77
,10.2,5.1,15.4,2.5,67
,12.3,10.5,14.6,1.2,68
,11.9,9.8,14.1,1.8,78
,11.7,10,13.3,2,80
,11.9,9.4,15.2,2.2,68
,8.5,6.4,11.8,1.6,68
,7.2,5.7,9.4,1.4,84
,-1.1,-3.6,5.9,1.9,84
,-0.4,-3.5,3.7,1.2,72
,-0.5,-2.6,1.7,2.2,68
,1.4,-1.5,3.7,2,66
,5.6,2,12.1,2.6,52
,4.8,-0.7,10.2,2.1,63
,6.3,3.4,8.4,2.4,63
,8.1,5.9,12.2,2.9,53
,7.7,1.4,16,1.8,53
,5.7,0.4,10.8,1.5,55
,6.2,3.8,9.7,1.8,65
,8.4,4.6,14.1,2.6,72
,9.2,2.8,17.4,1.7,59
,9.7,4,14.7,3.6,42
,5.1,-0.8,10.8,1.9,42
,5.6,0.3,11.6,1.7,58
,6.2,0.6,13.4,1.7,63
,5.8,1.9,9.4,1.8,56
,4.4,1.2,7.4,3,55
,5.7,3.9,8.7,3.6,62
,6.9,4.5,9.8,1.9,67
,6.9,3.3,10.5,1.3,75
,4.9,3.2,8,1.8,80
,4.3,0.3,10.7,1.2,71
,2.7,-1,7.8,2.3,62
,4.1,-1,10,1.5,62
,3.2,-1.1,8.9,1,69
,3.9,-0.3,7.7,1.3,71
,5.2,4.7,6.4,1.5,78
,5.9,4.7,8.4,2.3,74
,3.4,-1.3,9.2,1.5,66
,3.1,0.3,5.8,1.6,70
,5.2,2.9,8.6,4.8,62
,3.3,1,6.6,3.1,66
,6.1,3.2,9.4,3,44
,1.4,-1.6,6.1,2.9,45
,0.3,-3.9,5.8,1.5,49
,0.3,-3.1,3.2,2.5,57
,1,-3.3,5.9,1.2,60
,2.2,-3.1,7.1,1.2,65
,3.7,1.4,6.9,1.4,64
,3.2,-1.3,9.5,1.6,69
,3.2,-1.6,8.4,1,74
,3.8,1.3,6.7,1,77
,3.7,0.4,6.4,1.7,79
,3.8,3.2,5.9,3.3,87
,4.1,3.1,6.1,1.7,82
,2.9,-2,9,0.8,69
,3.1,0.8,5.6,1.5,65
,4.1,2.1,6.6,2.2,64
,4,2.1,7.4,2.9,56
,4.5,-0.1,10.2,2.4,44
,1.8,-2.9,8.5,1.6,51
,1.8,-2,6.1,2.3,53
,0.9,-0.9,3.8,2.5,57
,0.9,-2.3,4.7,1.1,64
,0.1,-3.4,5.1,1.3,71
,1.2,-1.8,5,1.9,64
,2.7,0.1,7.5,2.7,36
,-1.6,-4.6,2.7,3.9,29
,2.6,-2.7,9.5,2.5,30
,2.2,-3.3,9.8,1.4,38
,1.2,-4.1,7.2,1.5,45
,1.7,-1.7,5.1,1.6,55
,1.3,-3.4,6.4,1.3,65
,6.3,0.3,12.5,3.5,43
,5.7,1.1,11.4,3.6,34
,4.7,3.5,8.9,2.1,42
,5.5,2.5,8.9,2.6,39
,0.3,-2.9,5.8,4.6,28
,0,-1.5,2.7,2.1,48
,0.2,-4.4,5,2.1,63
,2,1.2,3.2,3.7,43
,2.3,-2.8,8.7,1.4,53
,5.1,-1,11.9,2.4,56
,5.2,-0.5,10.6,2.1,55
,5.7,4.6,7.9,5.3,60
,2.1,0.6,5.3,2.5,78
,3.4,1.1,6.2,3.6,60
,0.8,-3.8,6.8,1.4,52
,1.8,-3.8,8.1,1.5,40
,4.4,-1.7,11.1,1.8,43
,4.7,-1.5,13,1.1,44
,5.9,-0.5,12,1.5,48
,9.8,6.5,14.4,1.5,50
,8.1,2.9,15.4,1.6,61
,11,3.9,21,2.5,54
,10.4,9,15.7,3.2,38
,7.6,2.2,14.1,1.5,49
,10.9,3.6,20.1,1.6,51
,8.8,6.6,15.7,5.9,38
,0.8,-1.3,6.6,3.8,75
,4.9,-0.4,10.2,1.5,62
,6.1,3.2,9.1,1.9,38
,4.8,-1.3,12.1,0.8,51
,6.7,1.2,12.7,0.9,44
,7.1,0.1,14.9,1.5,44
,7.3,0.9,15.1,0.9,48
,8.6,5.3,13.4,2.4,55
,9.4,6,14.2,2.1,27
,6.8,0.5,13,2.6,27
,10.6,4.8,18.7,1.3,30
,10.9,6.1,16.4,1.6,36
,10.7,6.6,16.1,1.4,37
,9.2,3.8,13.4,2.5,24
,8.6,2.5,15.4,1.4,33
,8.9,3.2,14.8,2.7,33
,9.1,5.2,14.5,2.8,30
,10.5,8.1,13.9,1.3,34
,10.3,8.9,12.6,2,58
,7.9,6.4,10.1,3.1,91
,3.3,0.5,6.4,2.9,90
,6,2.7,9.4,1.2,78
,5.8,5.3,8.6,1.9,81
,7.4,4.2,11.2,1.7,72
,10,7.7,13.5,1.7,64
,8.8,4.4,13.6,2.6,76
,10.2,9.3,11.3,3.2,68
,10.5,7.5,15.5,1.7,63
,9.9,5.9,14.7,3.6,69
,11,8.4,15.1,3.7,62
,7.8,6.8,11.3,3.9,79
,10.5,5.1,18.1,2.6,59
,12,6.6,17.7,2.2,26
,11.6,4.6,17.3,1.5,33
,11.7,4.4,19.9,1.5,42
,15.1,8.9,21.4,1.6,38
,11.9,9.1,17,2.5,55
,13.2,10.7,17.2,2.7,72
,14.1,8.1,21.2,1.5,53
,14.1,7.2,21,1.3,36
,14.5,6.9,21.3,1.6,35
,15.3,13.1,18.3,2.2,67
,15.9,12.6,20.6,2.9,75
,15.2,11.9,19.8,2.2,77
,17.3,11.1,24.5,3.9,68
,16.8,15.1,22,3.2,68
,15.7,14.7,17.1,2.4,78
,10.4,7.9,15.9,3.7,89
,8.2,6.2,11.8,1.6,90
,14,8,21.3,1.8,72
,16.7,9.7,24.6,0.9,58
,18.6,11.6,26.6,2.1,53
,20.1,12.8,27.6,1.5,50
,19.7,16.1,23.8,2.2,55
,14.9,12.5,19,2.6,77
,20.7,12.8,29.4,3.2,52
,23.3,19.2,28.1,1.5,33
,16.1,12.5,23.5,3.5,59
,16.2,9.6,23,3.1,52
,15.9,11.2,20.9,1.5,27
,15.9,7.4,23.6,1.6,41
,20,13,28.9,1.5,47
,21.2,14,27.3,2,48
,17.9,14.5,25.3,2.7,71
,14.3,11.5,18.1,3.6,49
,17.3,9.9,24.5,1.5,50
,19.3,10.6,28.3,1.2,41
,21,12.4,30.7,0.9,43
,22.4,14.7,28.9,2,36
,24.4,17.8,29.8,3.1,47
,20.6,18.7,26.3,2.7,60
,15.6,13.5,21.9,2.4,91
,18.3,13.4,23.6,2.3,65
,18,15.6,20.5,2.3,45
,18.5,13.3,24.8,1.6,39
,15.9,12,21.5,1.9,60
,18.5,11.8,26.4,2.2,51
,21,14,31.7,1.4,46
,23.7,16.6,28,1.7,45
,24.7,19.5,31.5,3.1,38
,24.9,15.6,34.5,1.9,31
,26.2,20.8,31.9,1.8,36
,21.6,19.5,27.8,1.7,58
,17.2,15.6,22.9,1.9,82
,20.7,13.4,30.4,2.1,59
,24.3,15.6,32.8,1.8,39
,22.8,20.4,26.2,2,55
,23.1,18.2,29.5,1.5,62
,25.1,20,30.4,3.5,53
,25.6,21.6,30.8,2.6,56
,19.9,15,26.4,3.1,82
,19.2,13.3,25.6,2.5,63
,21.4,15.3,27.1,1.4,49
,23.6,16.6,31.5,2.9,37
,25.6,18.2,34.6,2,31
,27.9,20.5,36,2.7,30
,28.5,18.7,36.4,1.7,32
,22.2,20.2,31.5,1.4,67
,24.3,18.9,30.7,1.8,64
,26.1,19.6,32,1.1,57
,28.7,23.1,35.7,1,48
,29.3,20.5,36.3,2.4,37
,23.1,17.9,32,3.4,65
,16.3,15.7,17.9,6.3,95
,16.3,15.3,17.7,4.2,93
,22.2,15.2,31,1.9,66
,22.6,17.9,27.9,2.4,66
,22.5,18.2,28.5,1.5,79
,21.9,20,25,2.1,82
,23.7,18.3,31.2,1.7,69
,24.8,21.4,27.7,1.6,59
,25.6,21,30.9,1.9,53
,26.9,20.2,32.8,2.1,46
,25.4,22.6,29,3.6,58
,25.3,20.5,31,1.5,50
,27.5,20.9,33.4,1.9,50
,26.8,22.7,31.9,2.2,49
,28.3,22.9,34,1.7,43
,27.2,23.6,33.8,2.1,49
,27.7,21.7,33.3,2,49
,27.9,23.5,32.3,2.6,48
,28.5,21.8,35.5,1.7,48
,28.5,23.8,33.9,3.4,43
,28.2,22.3,35.3,2.3,37
,28.8,22.3,34.1,1.4,37
,29.8,22.4,36.7,1.3,36
,30,23.5,37.2,2.7,40
,30.8,24.6,36.6,2,41
,29.3,24.9,35.6,2.4,48
,28,23.1,33.3,1.6,53
,29.2,23,35.5,1.7,50
,30.9,25,36.8,2.2,40
,31.4,25.2,38.3,1.1,38
,31.4,26.2,37.2,1.4,41
,27.8,26.6,33.3,3.3,62
,23.7,20,28.5,2.6,85
,27.8,20.9,36.4,2.1,54
,28.2,22.5,32.3,2.3,49
,30.1,24,37.8,2.6,46
,31.7,23.8,40.2,2.2,45
,32.9,25.9,41.5,2.2,37
,32.2,26.7,40.6,1.4,45
,33.5,26.4,39.3,1.7,44
,32,26.7,39.3,2.2,45
,30.2,27,35.3,3,47
,28,24.8,32.3,3,64
,28.8,24.1,33.4,2.8,62
,31.2,26.2,37.9,3.5,56
,32.9,27,39.2,2.8,50
,34.4,28.7,40.7,2.9,48
,34.6,29.6,41.1,1.8,49
,34,30.4,41.1,2.4,54
,34.8,29.3,41.6,2.1,51
,35.7,30.1,41.8,1.8,37
,35.2,29.8,39.6,3.4,46
,33.2,28.7,39.3,3.1,54
,30.6,25.4,38.6,3.3,66
,23.2,21.6,25.8,2.1,94
,22.1,20.8,25.1,2.7,89
,25.4,21.1,31.3,1.1,74
,27.7,22.2,33,2.6,64
,28.8,25,33.2,2.9,59
,30,26.6,35.6,1.5,64
,31.7,26.2,37.9,1.6,55
,31.4,24.9,37.3,1.7,47
,32.7,27.3,39.1,2.3,50
,30.2,26.7,34.6,1.1,66
,23.6,21.1,27.2,2.6,91
,25.8,20.3,33.5,2.6,71
,29.6,23.4,36.5,3,49
,30.3,22.3,38.7,1.6,46
,30.3,24.5,37,1.5,46
,30.6,25,36.5,2.3,50
,25.3,23.4,32.6,2.9,79
,26.6,22.3,32.6,1.2,72
,28.5,23,34.3,2.3,64
,30.1,25.1,35.2,2.8,57
,29.9,25.4,34.9,2.9,56
,27.4,23.5,32,3.3,66
,26.5,24.9,29.1,2.7,79
,25.8,24.2,29.3,3.5,81
,26.9,23.2,31.4,2,74
,26.6,22,33.6,2.4,79
,26.3,22.7,31.8,2.5,61
,27.8,22.6,35.4,2.8,54
,22.3,18.6,28.8,2.1,70
,20.4,18.5,22.5,2.7,82
,23.2,18.9,30.1,2.5,78
,20.5,19,23.8,1.7,90
,17.6,15.8,20,3.6,96
,16.5,15.2,18.3,1.6,97
,21.1,17.2,27,1.6,76
,21,19.5,23.8,2.6,86
,21.8,19.5,26,1.1,87
,19.4,18.1,22.9,2.9,83
,18.4,17.6,19.8,1.8,92
,18.3,18,19.1,1.8,96
,21.2,16.6,29,1.6,75
,23,16.5,29.5,1.8,70
,22.4,20.6,26,1.9,75
,19.8,18.4,22.9,1.5,94
,21.6,17.8,27,2.3,79
,22.5,15.9,29.1,1.7,67
,23,17.1,29.3,2.4,68
,25.2,19.2,30.1,2.9,48
,23.8,21.1,27.8,2.7,60
,23.8,20.9,27.3,2.6,64
,19.7,18.1,25.1,1.7,87
,21.3,17.4,27,1,83
,23.9,20.1,28.6,1.8,76
,23.9,21.6,26.5,2.2,69
,24.3,18.5,29.7,1.7,65
,24,18.7,30.6,1.5,63
,21,18.4,25.1,1.9,68
,21.4,16.1,26.8,1.6,66
,22.8,18.7,27.7,1.9,68
,20.3,18.9,24.7,2.4,91
,18.9,17.7,20.7,2.5,91
,17.3,16.9,18.5,2.4,93
,17.9,13.5,23,2.6,84
,20.1,18,23.9,1.9,80
,18.2,16.3,20.6,2.4,86
,18.2,17.5,21,1.2,87
,18.2,16.2,21,1.5,90
,13,11.4,18.1,4.5,94
,11.8,10.6,13.4,3.8,89
,12.7,10.4,15.6,2.8,82
,15.7,12.9,19,2.5,79
,16.9,15.1,19.3,1.4,77
,16.9,16.6,18.2,1.6,91
,13.4,11.7,16.6,3.8,82
,8.8,7.3,11.7,3,88
,7.8,6.7,9.2,1.3,94
,11.7,8.2,17.6,1.5,81
,12.5,10.7,14.6,2,81
,13.3,12.5,14.4,1.6,83
,12.5,11.3,13.9,3,87
,12.2,11.4,13,3.6,87
,12.1,11.2,13.5,3.1,83
,13.9,11.9,17.4,1.5,82
,14.1,10.7,18.9,2,84
,14.4,11.7,19.8,1.4,84
,15.8,12.7,19.5,1.8,81
,15.1,11.6,19.4,1.1,82
,16.3,13.6,20.3,3.4,79
,15.1,12.2,18.6,3.8,71
,14.1,13,16.8,1.8,81
,15.2,11.6,22.2,1.8,76
,13.7,8.7,20.3,1.2,81
,14.6,11.6,18.1,1.6,70
,11.9,8.4,15.3,2.1,53
,11.1,9.3,14.4,1.7,73
,10.8,10.4,11.6,0.8,86
,11.8,10,13.5,1,89
,15.4,12.4,22.3,2.1,71
,15,10.9,20.5,1.8,61
,12.2,9,16.2,3.3,59
,11.5,7.7,16.8,1.6,70
,13.1,7.2,19.6,1.2,75
,15.5,11.6,21.6,2,57
,13,7.9,18.9,1.5,63
,11.6,9.3,15.6,2.1,80
,10.5,8.5,12.5,1.9,56
,7.4,5.9,10.7,2.5,55
,8,3.7,13.8,2,69
,8.1,3.6,14.4,1.3,80
,7.1,4.1,11.4,1.8,69
,6.1,1.7,11.8,1.8,69
,6.6,2.7,10.1,1.5,67
,9.3,7.4,11.5,1,73
,6.5,5.8,10,2.2,39
,4.4,2.3,6.1,2.5,65
,5.2,0,10.9,1.5,66
,7.9,3.3,12.6,2.1,51
,7.2,3.6,11.2,2.3,32
,6.9,2.2,12.6,2.1,39
,5.1,-0.1,10.4,2.1,43
,7.5,1.7,16.6,2,44
,7.3,-0.3,13.2,3.5,42
,6.1,2.8,10.1,2.6,48
,7.9,2.9,14.5,2.3,46
,6.5,5.1,9.4,2.9,51
,4.4,0.2,9,2.5,64
,1.7,-1.2,5.4,1.8,50
,3.5,-1.7,10.6,1.6,59
,6.2,1.7,14.4,1.2,57
,4.3,-1.1,9.7,1.4,48
,1.7,-3,7.8,1.7,42
,2.7,-1.3,8.3,1.7,46
,3.7,-1.7,10.1,1.3,44
,2.4,-1.9,6.6,1.2,28
,4.6,-1.5,9.4,2.4,47
,4.8,-0.3,10.5,1.1,32
,2.4,-3.1,7.4,0.8,42
,4,2.4,5.5,2.6,41
,0.3,-0.7,2.6,3.5,54
,1.1,0,2.1,1.6,62
,4.2,1.4,8.7,1.9,53
,1.2,-2.2,5.7,1.9,43
,-0.5,-5.4,5.1,1.6,43
,2.4,-3,9.3,2.7,40
,2.5,-3.6,10.7,1.8,35
,4.2,-1.2,11.1,2.9,40
,2,-3.5,8.7,1,46
,2.8,-2.1,8.8,1.2,50
,4.4,-0.5,11.5,1,48
,5.3,1.2,9.5,2.2,28
,1.4,-3.3,5.4,1.3,43
,2.9,-1.8,8.8,1.8,47
,2.1,-2.1,7,1.3,54
,2,-2.4,7.7,1.2,57
,6.1,2.5,9.8,2.8,40
,5.7,1.9,10.7,1.9,36
,1.7,-2.9,7.4,1,48
,2.1,-2.4,7.7,1.3,55
,0.9,-1.4,3.1,1.3,68
,-0.1,-2.9,1.2,4.9,75
,-3.4,-4.3,-2.5,3.8,83
,-3,-4.1,-2,2,73
,-2.4,-3.2,-0.2,1.3,92
,-1.2,-3,0.4,2.2,84
,-1.5,-3.9,2.2,3.1,43
,-0.9,-6.1,5.4,3,52
,0.1,-4.5,5.8,1.9,45
,-1.6,-7,4.2,1.4,59
,-3.5,-7.3,0.8,1.3,66
,-2.8,-5.4,1.3,1.3,72
,-1.4,-6.1,3.9,1.8,68
,-1.1,-4.3,2.9,2.6,73
,0.7,-2.8,4.8,1.8,71
,2.8,-1.5,8.4,2,60
,2.4,-0.5,5.8,1.4,59
,4.2,0.9,9.4,1.6,59
,3.9,-0.5,9.9,1.1,64
,3.3,0.1,8.4,1.6,71
,3.5,-0.7,9.7,1.2,69
,1.1,-0.5,6,3.6,63
,-1.7,-2.9,1.5,4.7,71
,-4.3,-5.2,-2.8,4.1,80
,-4.4,-6.5,-2.4,3.9,68
,-4.4,-5.7,-2.4,3.1,76
,-3.9,-5.5,-1.2,2.1,69
,-5.8,-9.8,-1.2,1.9,50
,-3,-6.5,0.9,3.3,49
,-1.3,-5.9,3.6,2.4,37
,-1.5,-6.3,4,1.4,53
,-1,-2.9,1.3,2,38
,-3.3,-7.3,2.1,2.2,42
,-2.1,-7.2,3.3,1.2,48
,-0.1,-6.1,6.6,1.6,48
,0.1,-5.7,6.7,1.3,51
,0.5,-3.3,5.8,1.2,53
,1.2,-3.2,6.2,2.7,45
,4.7,0.9,8.8,2.1,38
,3.2,1.4,6.3,2.7,25
,0.7,-2.2,7.7,1.6,33
,1.7,-4.5,10.4,1.7,35
,3,-4,13.8,1.5,45
,6.8,0.6,14.5,1.4,42
,6.8,4.3,10.1,3.3,29
,6.3,0.4,13.5,1.4,45
,6.1,5,9.8,3.1,48
,6.6,3.3,10.7,1.4,58
,7.3,3.3,11.9,2.4,64
,6,3.1,10.1,2.7,71
,4.7,1.8,9.1,1.3,67
,6.8,1.1,15,2,47
,8.8,0.2,16.6,2.4,47
,11.2,6.8,16.1,1.5,23
,7.6,1.1,15.3,2.1,40
,10.5,4.3,17.6,0.9,46
,11.6,9.7,14.6,1.4,61
,12.1,4.1,22.6,1.4,56
,13.2,11.3,17.1,3.7,34
,9.5,4.7,14.8,1.9,55
,11.3,4.1,19.8,1.1,63
,11.6,7.4,16.9,2.6,61
,7.1,3.5,11,2.7,85
,6.2,5,8.3,3.8,87
,6.8,3.2,12.9,2.7,74
,8.1,2.6,14.6,2.5,65
,9.2,3.4,16.5,2.3,60
,11.5,4.9,18.6,1.4,62
,14.2,9,19.7,2.1,61
,14.8,7.7,24,1.4,61
,17.4,9.8,26.2,1.7,54
,17.5,10.2,26.8,1.1,50
,17,10.3,24.8,3.8,51
,10.8,7.5,18.3,8,37
,5.9,4,10.9,2.7,67
,6.5,4.5,9.3,2,80
,9.4,7.3,12.7,1.7,84
,9.9,6.3,14.1,2.6,62
,11.8,5.6,20.2,1.2,59
,14.6,7.4,23.4,2.2,47
,14.7,8.4,21.4,2.1,47
,15.6,10.4,20.4,1.9,55
,16.5,12.8,21.6,3.2,51
,17.9,11.4,26.4,1.6,56
,21.3,13.4,30.4,2.3,33
,21.4,14.3,29.3,1.4,42
,20.7,15.5,26.5,4.1,49
,17.8,13.7,24.2,3.9,55
,19.2,15.9,23.1,2.4,62
,22.1,17.9,29,2.5,36
,20.9,12.8,29.1,1.5,42
,22.2,14.3,29.9,1.2,46
,13.1,10.4,26,7.7,51
,10.9,6.8,15.6,2.2,77
,11.5,8.3,15.4,4.5,19
,11,2.8,20.6,1.6,28
,17.1,8.1,28,1.9,37
,19,10.7,29.4,1.2,40
,20.9,14.4,27.7,1.5,39
,18.8,16.4,22.8,4,39
,13.1,12.2,20,3.8,89
,10.8,10.4,12.6,2.9,83
,12.9,9.5,17.1,2.4,53
,13.4,6.4,20.2,2.2,47
,15.1,7,22.3,2.6,53
,18.4,10.4,27,1.4,58
,20.6,13.1,28,2.5,63
,24.9,17.3,35,3.8,48
,21.9,17.8,29.6,2.2,60
,20.7,16.4,27.2,2.1,76
,20.3,18.9,23.7,2.9,81
,17.5,15.5,20.8,3.2,74
,15.7,13.8,17.7,2.3,81
,14.8,12.7,17.9,1.8,79
,18.3,11,27.4,2,66
,21.4,12.8,28.6,1.8,56
,20.4,16,26.3,1.9,54
,22.8,15.9,30.4,2.1,52
,22.7,18.1,28.4,2,50
,23.2,19.2,30.3,2.3,47
,21.5,17.6,25.6,1.9,28
,21.3,13.5,27.3,2.3,38
,22.1,18.3,27.2,2.6,51
,19.2,14.5,24.7,3.1,74
,15.2,13.7,17,2.3,85
,17.4,11.5,23.8,2,73
,17.5,14.3,20.6,1.9,76
,19.3,16.3,23.8,1.8,70
,17.7,15.8,22.3,2.2,82
,19.9,14.7,26.4,2.8,63
,23,15.1,32.5,1.9,50
,25.5,16.7,32.9,1.7,45
,26.9,20.2,33.9,2.2,51
,27.8,21.8,34.1,2.2,50
,28.1,21.9,35.3,1.9,57
,24.6,23.7,31.1,2.3,64
,24.9,20.3,30.5,2.4,61
,21.2,20.1,27.3,5,77
,18,16.3,20.4,4.9,80
,17.5,16.1,20.1,3.3,77
,19,12.5,25.8,3.8,48
,19.2,13.7,25.6,2.4,50
,23.8,19,29.5,2.4,47
,24.9,20.4,30.3,2.7,55
,18.6,14.2,27.4,4.2,70
,21.8,16,29.5,2.2,48
,22.4,16,28.6,1.9,47
,24.1,18.8,32.9,1.4,44
,23.9,18.7,28.1,1.6,48
,24.8,16.6,31.9,2.3,47
,24,20.4,28.5,3.1,45
,24.2,17.7,30.4,1.4,43
,23.6,17.7,30.8,2.7,49
,24.6,18.2,32.6,2.5,38
,26.4,16.8,35.8,0.9,30
,28.6,19.4,38.2,1.6,33
,27.5,24.6,31.6,2.3,33
,18.3,16.6,27.4,2.7,82
,21,14.3,27.6,1.8,70
,24.9,16.7,34.4,1.5,51
,27.4,18.4,36,1.7,41
,29.1,22.1,36.8,2.4,35
,29.4,22.3,38,1.4,40
,28.8,22.4,35.6,3.1,38
,29.6,24,36.1,2.3,39
,25.1,22.7,30.7,2.9,61
,25.9,19.3,31.6,1.7,63
,21.8,20.4,28.3,2.9,89
,24.7,19.7,30.5,1.3,74
,28.3,23.4,33.8,2.7,61
,29.4,23.6,34.7,2.6,48
,28.5,23.1,34.7,2.7,45
,29.8,24.3,36,2.9,43
,29.6,25.8,36.2,3.5,53
,26.7,24.6,29.5,2.7,79
,24.5,22.3,27,1.7,86
,27.5,24,31.3,1.5,79
,30.2,24.4,37,2.4,59
,29.8,24.8,35.8,2.8,57
,29.5,26.3,35.2,3.9,61
,29.1,24.5,34,3.7,55
,23.3,20.6,31.1,2.7,82
,21.1,20.1,22.2,1.9,92
,21.7,20.9,23,2.3,96
,25,21.5,30.3,1,80
,28,23.3,32.9,2.4,69
,28.9,24,33.1,1.7,61
,24.2,23.2,30.7,2,88
,22.5,21.3,23.9,2.6,94
,22.2,20.7,24.2,3.9,92
,22.9,21.3,24.5,2.1,87
,25.4,21.9,29.7,1.2,80
,27.2,24.2,31.6,1.5,78
,28.9,24.9,33.6,2.4,75
,30.6,26.9,35.9,2.6,70
,31,27.4,34.6,2.1,63
,28.6,23.1,35,3.5,73
,32.6,27,38.9,3.4,58
,34.6,30.9,40.1,3.2,47
,33,27.3,38.6,3,56
,31.6,26.2,36.7,1.8,55
,32.8,28.6,36.9,4.6,57
,31.3,27,35.9,4.8,55
,31.7,27.2,37.3,2.3,50
,32,27,37.6,2.3,53
,30.9,23.4,37.8,3,62
,29.5,25.2,34.2,3.9,68
,30.4,26.7,35.2,4.5,64
,30,26.8,35.5,4.2,64
,29.7,27.2,34.4,3.7,65
,28.9,25.9,32.9,2.9,69
,28.1,25.6,34.7,4.3,74
,30.7,25.7,36.5,3.1,61
,31.1,27,35.7,3.3,60
,30.8,25.9,37,2.4,55
,30.7,26.2,35.3,2,59
,31.2,26.9,36.5,3.1,63
,32.5,27.9,37.9,2.2,62
,31.7,26.2,37.5,2,59
,30.6,26.9,37.4,2.5,64
,31,25.3,36.9,2.3,58
,30.4,26.1,37.4,2.3,56
,29.9,26,37,1.7,64
,29.8,25.9,35.5,2.7,66
,29.9,25.5,35.5,2.2,63
,30.1,26.7,35.3,2.6,67
,29.2,26.4,34.8,2.7,62
,27.9,25.3,31.7,3.1,61
,28.2,24,34.7,2.4,64
,29.5,24.4,34.9,2,56
,30.5,26.1,36.5,2.8,54
,28.8,23.8,34.8,3.4,65
,20.8,19.2,25.3,3.5,95
,23.1,19.5,28.5,1.3,80
,25.5,20.2,31.5,1.8,72
,27,22.7,32.1,2.7,66
,28.8,23.8,33,2.4,59
,28.2,23.3,33.5,3.7,55
,28.9,24.7,34.3,2.4,54
,29.4,25.1,34.2,3.5,55
,30.1,25.6,35,3.7,56
,28.6,24.6,33.3,5.8,60
,28.2,23.7,34.1,5.5,61
,24.3,21.7,29.1,2.5,77
,27.1,23.1,33.6,2.8,59
,26.4,21.1,32.6,2.8,51
,20.9,18.2,27.2,2.1,78
,23.6,20.6,28.7,2.8,63
,22.3,17.7,27,1.9,36
,22.1,14,28.8,2,42
,22.1,15.7,29.4,3.2,49
,24.1,19.4,29.5,2.2,52
,23.8,18.4,30.1,2.5,51
,23.1,20.5,26.2,2.4,57
,19.5,18.6,23.4,2.2,73
,20.6,17.2,24.3,1.7,74
,17.5,15.7,21.8,2.7,93
,15.7,14.6,16.8,2.2,89
,16.3,14.4,18.1,1.1,89
,17.6,16.6,19,1,93
,18.7,17.7,20.3,1.6,98
,20.2,18.5,24.4,1.4,93
,20.7,16.2,28.1,1.5,74
,20.4,15,26.4,2.5,59
,20.8,14.9,26.8,1.8,54
,20.4,17.9,23.6,5,45
,15.2,13.2,20.5,4,80
,15.9,13.7,18.7,3.1,80
,15.7,15.1,17,1.3,89
,17.7,12.6,25.1,1.5,72
,19.3,11.9,27.3,1.4,62
,19.9,14.9,23.7,2.2,46
,16.7,11.2,23.4,1.4,50
,16.7,9.7,24.6,1.9,51
,17.3,10,25.2,1.4,48
,17.1,10.1,25.4,1.5,56
,19,12.7,25.5,1.8,50
,18.1,16,21.2,1.9,59
,17.1,14.4,21.1,1.6,63
,16.5,11.1,21.4,2.2,62
,16,11.8,21,2.1,35
,13.8,5.5,23.1,1.2,42
,14.2,8.3,21,2.1,44
,16.1,9.3,23.1,2.4,49
,14.5,12.6,19,2.7,61
,14.5,11.6,19.4,1.4,79
,14.5,9.4,21.2,1,74
,14.1,9.3,19.3,1.5,74
,16.5,12,22.7,2.7,63
,16.5,13.9,20.4,3.9,52
,13.8,10.7,18.1,3.5,53
,12,10.1,14.6,2.2,77
,11.5,10.3,13.7,1.5,90
,14,8.9,20.4,2.5,72
,13.8,8.5,20.1,1.8,59
,14.2,7.5,21.5,1.4,55
,17.4,14,23.4,2.9,53
,12.8,7.1,20.4,1.6,39
,11.8,4.3,20.3,1.2,48
,15.4,8.1,25,3.2,39
,16.4,9.2,24.5,2.7,28
,16.8,11,24.9,3.4,28
,14.9,7.3,23,1.3,38
,13.5,6.8,20.3,2.1,49
,16.6,11.7,23.6,4.2,43
,13.2,11.2,18.3,3.4,46
,11.7,10.5,13.6,2.3,51
,7.6,6.4,11,1.2,82
,6.6,5.8,7.6,1.6,89
,6.8,6.2,8.8,1.8,89
,7.3,1.4,14.6,1.4,80
,8.7,2.8,15.1,1.6,78
,9,8,11.7,1.4,91
,7.7,5,12.2,1.5,94
,7.5,3.3,13,1.1,89
,6.8,2.9,11.1,1.4,89
,8,6.1,9.1,1.3,90
,8.4,7.2,9.6,1.6,86
,5,3.5,7.2,2,94
,4.8,2.1,7.3,1.1,80
,7.4,4.6,12.7,2,58
,4.1,-0.3,11.5,1.2,71
,4.6,0.4,9.1,1.2,77
,7.3,2.8,12.2,2.5,46
,4,-1.8,11.7,0.9,58
,5.9,-0.6,14.8,1,65
,7.9,2.7,13.3,1.4,62
,7.1,1.1,14.8,1.1,67
,8.9,2.8,15.6,2.6,56
,9,7.1,12.5,1.6,47
,6.7,1.3,13.7,1.2,57
,6.5,2,11,1.1,63
,9.3,6.8,12.4,1.9,59
,6.4,2,10,1.9,77
,7,5.6,9.6,2.6,78
,7.3,6.1,9.7,1.9,35
,5.5,4,7.2,3.1,32
,3.6,1.7,5.5,2.1,66
,1.4,-1.3,4,1.3,66
,-0.2,-1.2,2.6,3.6,29
,-3.2,-4.5,-0.9,4,25
,-2.4,-4.9,1,2.4,42
,-1.2,-4.2,1.3,1.4,56
,-2,-4.2,1.4,2,45
,-3.4,-7.4,2.4,1.7,36
,-1.6,-7.1,4.2,1.5,42
,0.3,-2.5,2.3,1.8,42
,5.1,1.3,11,2.3,34
,6.2,0.6,14.5,2.5,37
,4.3,-2.2,12.4,1,45
,3.8,-2.1,12.3,0.8,47
,4.5,1.4,8.8,1.6,50
,3.9,-1.4,9.1,1.5,48
,4.7,0.4,7.6,1.3,47
,5.1,3.8,7.8,1.3,50
,1.6,0.5,4.6,2.5,43
,1.1,-2.3,4.2,1.5,38
,4.4,2.7,6.8,1.8,44
,2.1,0.2,5.4,3.3,45
,0.3,-1.2,3.1,3.1,66
,-2.3,-3.9,-0.8,2.2,39
,-2.7,-4.3,0.2,2.3,35
,-3.9,-7.4,0.1,3.3,37
,-2.1,-4.2,0.8,2.7,42
