date,K29.500,E14.900,I10.x00,E05.900,J40.x00,G47.900,J03.900,N18.900,E03.900,I63.900,R51.x00,E04.101,R42.x00,H10.900,F41.101,H52.701,J06.900,L30.902,Z00.001,I25.103,J39.900,E78.500,I10.x04,J18.000,F20.900,I25.101,I49.900,M81.901,N97.900,M25.500,N96.x00,F32.900,I70.900,F32.901,H35.900,R50.900,N04.900,F41.900,E28.200,N41.900,D69.000,I10  02,L70.900,K29.502,R21.x00,K52.916,Z49.201,L28.000,N39.000,N20.901,D64.900,K04.000,G40.901,C50.900,N46.x00,L50.900,M06.900,M32.900,E14.901,J30.400,K30.x00,K73.900,I63.801,L21.900,Z95.501,C34.900,I51.900,B07.x00,N02.801,R94.600,H66.900,N03.900,K52.905,N19.x03,J03.901,K59.000,K02.900,J31.200,B08.501,I10.x05,M45.x00,M13.900,L28.203,N19.x01,R10.400,K21.001,N39.001,E05.901,H81.901,N40.x00,I25.100,B02.900,J40  03,E07.900,F09.x00,R00.200,H26.900,J06.903,E83.503,B18.107
2014/1/1,205,211,151,67,90,87,45,31,39,51,20,16,38,36,55,35,59,34,13,20,84,27,51,49,23,2,18,17,16,26,15,21,30,17,0,32,15,17,22,17,17,0,19,0,21,6,12,9,30,13,16,20,38,15,6,18,12,8,0,4,15,9,11,8,2,8,5,15,12,3,14,22,15,4,9,11,16,8,11,5,8,3,3,17,4,9,2,0,16,7,0,7,0,0,3,5,11,0,11,0
2014/1/2,0,1,2,0,75,0,43,25,0,3,0,0,0,0,0,0,42,0,1,0,0,0,0,32,0,0,0,0,0,0,0,0,0,0,0,41,8,0,0,0,9,0,0,0,0,8,2,0,3,0,0,0,1,1,0,0,0,0,0,0,1,0,0,0,0,0,0,0,0,0,3,0,0,0,11,0,0,0,1,2,0,0,0,3,2,0,0,0,0,0,0,0,0,0,0,0,0,0,0,0
2014/1/3,135,182,159,95,72,78,71,57,48,31,30,19,35,18,51,6,80,36,27,22,50,30,20,38,41,28,25,12,26,33,13,25,15,20,7,53,24,26,18,6,26,0,24,0,21,12,14,18,11,10,14,21,12,7,7,11,17,1,0,2,9,10,21,7,4,5,15,8,8,3,17,13,2,11,10,21,8,3,4,6,8,24,1,10,7,10,0,2,5,9,24,8,0,0,11,2,0,0,11,1
2014/1/4,195,169,155,170,100,83,61,62,31,59,59,37,43,56,47,19,66,26,17,32,82,39,50,48,36,18,20,23,13,27,24,14,28,23,52,51,12,19,25,23,14,0,8,0,13,17,13,7,25,11,24,25,11,11,6,16,8,14,0,4,9,5,14,5,5,4,13,9,15,4,3,10,12,12,4,12,14,19,2,2,19,2,4,5,7,0,12,1,11,7,0,7,0,11,15,12,3,0,9,1
2014/1/5,55,58,65,78,71,19,28,46,19,17,20,10,18,39,18,12,64,29,26,7,20,5,11,32,14,8,9,8,16,3,11,2,1,6,0,51,4,3,20,15,2,0,10,0,0,6,0,6,0,5,6,0,5,3,8,8,0,2,0,7,3,0,5,5,1,2,10,12,0,1,4,3,8,7,1,2,1,0,2,4,1,0,1,4,7,1,13,0,0,5,0,4,0,0,2,8,2,0,0,28
2014/1/6,0,0,1,0,66,0,52,1,0,0,0,0,0,0,0,0,56,1,1,2,3,0,0,39,0,0,0,0,0,0,0,0,0,0,0,70,9,0,0,0,9,0,0,0,2,9,0,0,3,0,1,0,0,1,0,2,0,0,0,0,1,0,0,0,0,0,0,0,2,0,1,0,1,0,7,0,0,2,1,0,0,0,1,0,8,0,0,0,0,0,0,0,0,0,0,0,0,0,0,0
2014/1/7,180,131,177,116,91,72,52,72,40,47,39,23,14,69,57,73,43,37,29,43,61,43,26,42,31,23,23,16,13,29,26,16,3,14,12,48,39,15,21,14,47,0,23,0,31,8,33,14,23,14,14,23,20,23,14,23,9,11,0,8,5,9,13,14,6,3,11,17,25,15,23,13,10,8,10,21,10,4,3,6,9,27,1,10,4,9,0,0,7,17,30,5,0,1,9,10,13,0,18,16
2014/1/8,246,155,114,109,114,74,55,62,36,48,35,7,48,34,45,32,57,19,33,32,60,24,76,30,37,6,25,20,20,25,17,17,19,15,12,42,13,4,16,0,5,0,16,0,15,13,16,17,8,17,15,36,35,17,13,11,12,17,0,9,12,10,21,19,7,15,4,14,18,5,5,19,9,7,9,6,7,8,0,16,14,5,7,11,0,4,6,0,15,5,3,7,0,0,5,3,5,0,5,40
2014/1/9,149,141,143,347,104,69,96,57,54,50,35,51,27,52,41,20,51,32,19,44,57,27,21,53,38,30,42,14,10,18,5,20,22,21,9,42,27,24,2,16,28,0,19,0,39,11,18,19,9,8,4,15,23,20,1,13,13,10,0,8,2,17,7,16,6,13,6,12,16,15,3,17,2,6,13,1,12,1,9,10,5,8,1,14,7,1,2,2,9,11,0,13,0,1,10,13,18,0,10,22
2014/1/10,107,140,166,120,79,51,41,69,37,35,37,41,38,13,46,17,72,19,23,15,57,35,63,39,46,24,26,22,4,21,6,26,20,20,10,50,21,13,4,6,27,0,22,0,7,10,17,12,12,7,17,19,13,7,13,11,16,7,0,1,5,12,5,6,3,4,9,18,7,2,12,12,2,9,1,20,21,6,1,11,10,4,0,10,1,8,0,0,12,9,26,9,0,3,11,2,1,0,10,1
2014/1/11,179,130,145,162,144,110,64,54,35,59,34,16,31,45,58,32,73,27,13,36,92,33,40,54,30,12,23,22,20,20,14,30,13,25,41,86,5,3,18,24,3,0,13,0,17,7,19,22,21,8,13,12,23,12,14,6,14,14,0,10,8,4,14,4,4,6,9,3,18,8,5,0,15,8,3,5,3,16,4,6,7,24,1,24,8,1,3,0,9,8,7,6,0,0,5,9,4,0,15,0
2014/1/12,62,71,44,35,64,22,48,47,6,27,28,9,17,25,14,14,41,16,15,11,3,11,21,22,10,7,7,16,21,8,19,4,2,12,2,58,4,4,20,19,2,0,11,0,3,4,1,5,15,2,23,0,7,2,9,10,8,1,0,4,14,25,6,15,6,2,16,8,0,3,2,2,10,11,1,13,1,1,0,3,3,1,5,5,2,0,9,0,8,15,0,10,0,0,2,4,2,0,0,1
2014/1/13,0,2,3,0,60,2,58,0,0,1,0,0,0,6,0,0,56,0,4,0,10,0,0,28,0,0,0,0,0,0,0,0,0,0,0,49,9,0,0,0,18,0,0,0,0,7,1,0,0,0,0,0,0,0,0,3,0,0,0,0,0,0,0,0,2,0,0,0,3,0,1,1,1,1,3,1,0,0,3,0,0,0,0,0,0,0,0,0,0,0,0,0,0,0,0,0,0,0,0,0
2014/1/14,174,198,172,137,83,81,78,70,53,25,41,37,34,83,70,80,64,43,40,37,92,47,33,27,26,36,22,43,15,39,30,18,12,24,32,79,31,14,26,6,24,0,20,0,16,14,61,8,21,29,31,28,24,8,25,18,21,6,0,2,8,7,17,13,3,8,21,6,5,5,15,24,8,13,4,14,16,9,4,7,7,12,2,12,18,4,0,1,10,14,28,9,0,0,10,13,13,0,13,14
2014/1/15,254,152,140,127,122,77,40,39,54,43,42,19,58,32,51,35,58,38,18,26,57,45,38,28,22,2,10,26,15,12,22,27,30,8,20,56,21,8,17,3,7,0,14,0,44,6,24,18,21,13,12,30,41,12,6,9,24,7,0,5,18,11,13,4,7,8,4,13,9,8,7,23,8,5,4,7,6,8,2,3,5,10,1,7,10,5,0,0,9,7,0,8,0,1,16,3,7,0,7,1
2014/1/16,143,155,126,366,69,53,97,43,61,48,42,44,51,60,34,58,58,31,26,20,78,23,32,30,26,7,28,23,17,28,14,26,14,14,17,34,28,4,22,27,43,0,14,0,12,12,6,25,15,17,7,11,9,23,7,13,10,15,0,11,18,32,5,14,7,10,10,23,26,6,0,10,7,6,4,8,6,10,4,11,15,1,4,17,6,2,0,1,10,8,0,4,0,3,12,14,14,0,8,41
2014/1/17,214,144,163,106,108,127,71,30,48,41,63,56,22,18,57,23,68,44,19,18,50,52,26,25,33,23,13,10,17,30,9,26,12,17,12,31,34,29,7,10,23,0,26,0,29,2,14,13,18,5,39,23,9,17,8,7,9,8,0,1,12,19,15,8,10,9,13,13,4,11,16,18,13,6,5,8,5,6,4,8,11,21,1,7,13,3,2,1,4,7,22,16,0,0,13,12,7,0,7,0
2014/1/18,183,151,132,221,107,91,49,55,48,46,30,23,18,38,60,44,71,30,22,22,77,26,43,48,30,14,31,28,13,20,11,13,25,24,43,38,32,6,11,34,7,0,8,0,19,5,5,15,3,12,22,26,30,9,11,13,6,10,0,6,9,1,16,6,16,13,14,8,4,12,8,20,13,18,8,4,10,14,0,12,15,4,3,13,9,5,0,0,23,11,1,7,0,10,9,15,15,0,11,0
2014/1/19,60,51,70,23,98,31,32,53,11,15,15,11,16,46,14,42,73,23,5,10,11,9,6,27,8,8,11,3,11,7,20,4,0,9,0,43,6,1,11,0,4,0,14,0,0,2,0,1,5,11,3,5,5,2,17,3,0,1,0,4,9,0,9,8,2,1,5,4,3,4,0,11,5,8,6,7,8,0,1,2,1,1,0,3,5,2,0,0,4,3,0,10,0,0,8,11,0,0,0,3
2014/1/20,0,0,7,0,40,0,84,0,0,1,1,0,4,0,0,0,40,0,3,1,1,0,0,37,0,2,0,0,0,0,0,0,0,0,0,43,6,0,0,0,16,0,0,0,6,8,0,0,2,0,0,0,3,2,0,0,0,0,0,0,0,0,0,0,1,0,0,0,6,0,2,1,3,1,4,0,0,0,1,0,0,0,0,0,3,0,0,0,0,0,0,0,0,0,0,0,0,0,0,0
2014/1/21,238,143,164,115,147,88,75,48,47,46,34,17,31,84,51,101,77,28,40,31,63,46,29,29,26,18,24,18,16,25,15,16,9,23,38,37,39,16,9,34,49,0,23,0,45,8,33,18,22,21,28,17,12,15,13,20,10,9,0,4,8,11,7,14,10,10,17,12,26,9,7,35,3,17,7,11,9,11,1,11,7,13,4,4,9,4,4,1,17,17,19,9,0,1,4,4,21,0,14,20
2014/1/22,255,130,112,138,90,97,48,44,62,57,39,26,39,29,38,71,99,54,12,25,105,28,60,38,26,1,22,18,8,32,12,25,21,14,15,53,23,13,10,13,9,0,11,0,17,11,22,16,27,10,14,12,39,22,6,18,13,11,0,4,10,3,8,16,3,12,8,16,11,12,9,30,12,6,3,8,14,18,1,24,6,5,0,10,16,5,7,0,13,3,4,3,0,0,14,10,2,0,9,2
2014/1/23,117,112,146,299,117,99,77,24,53,32,34,43,26,42,41,59,54,37,31,12,58,41,34,23,36,20,27,18,7,19,11,21,27,15,13,35,49,17,9,11,46,0,16,0,43,9,12,30,8,16,11,11,14,20,9,7,14,14,0,6,6,15,5,12,10,10,8,11,23,14,5,23,5,14,12,9,8,8,4,18,5,17,3,8,12,0,0,2,7,10,2,3,0,11,8,14,11,0,18,18
2014/1/24,168,116,153,120,47,72,53,41,60,28,22,33,13,14,50,45,52,30,18,22,82,26,36,20,38,39,18,24,9,16,9,16,16,25,23,14,26,32,14,4,17,0,19,0,3,15,7,18,13,4,8,11,4,4,13,14,15,11,0,2,5,7,6,7,10,3,6,16,12,9,11,12,1,3,8,5,5,10,3,7,1,3,1,7,2,4,0,0,4,6,21,7,0,1,12,13,6,0,8,2
2014/1/25,164,129,123,203,133,97,67,48,53,22,20,22,23,42,42,49,60,32,22,33,49,20,22,40,39,8,15,17,17,15,15,16,14,20,57,28,11,4,12,19,2,0,22,0,33,5,8,12,25,15,25,12,27,14,17,14,6,4,0,3,13,5,10,6,6,9,6,9,12,6,6,16,13,4,9,6,12,8,1,10,6,13,0,2,10,2,5,0,1,9,1,5,0,17,8,7,2,0,15,0
2014/1/26,56,61,93,26,78,25,18,41,27,24,18,5,19,26,2,24,71,27,14,13,17,9,6,26,8,6,5,7,8,15,12,9,4,6,1,42,11,7,12,13,4,0,13,0,4,2,0,10,0,0,10,2,5,1,8,4,0,4,0,5,4,1,3,7,6,3,14,7,0,8,8,1,4,9,2,6,1,1,3,6,2,1,2,7,1,2,0,0,3,8,1,10,0,0,6,11,7,0,0,0
2014/1/27,48,47,77,20,41,36,57,1,9,8,18,4,13,28,14,42,52,12,18,9,71,20,11,33,13,10,12,15,3,4,3,6,11,7,0,30,22,4,1,21,18,0,13,0,8,3,4,10,1,7,9,0,1,4,4,5,3,3,0,3,6,0,3,5,1,4,5,3,7,2,7,8,1,5,6,4,0,2,4,2,3,3,0,2,4,1,2,0,10,3,0,3,0,0,4,9,1,0,3,0
2014/1/28,221,122,170,75,141,96,70,44,35,47,20,13,9,66,46,70,50,25,26,16,89,62,27,49,15,15,23,18,2,24,9,17,9,16,2,24,21,6,10,12,35,0,22,0,34,14,16,17,6,11,32,22,9,8,7,7,8,3,0,4,12,1,14,9,3,3,21,8,19,4,5,9,3,15,6,18,4,10,7,13,11,16,2,7,12,8,1,2,1,16,21,2,0,5,8,3,10,0,13,14
2014/1/29,144,87,94,58,74,60,46,47,23,44,10,20,11,9,31,44,67,33,20,16,88,23,29,27,21,13,13,19,8,22,5,8,17,7,0,34,5,4,4,4,2,0,20,0,21,13,3,17,5,11,15,7,17,11,6,6,4,3,0,3,15,0,4,8,6,12,6,19,1,3,9,15,13,5,2,5,4,6,1,10,7,6,3,2,5,1,3,0,8,7,2,11,0,0,3,5,3,0,7,1
2014/1/30,88,88,94,243,135,67,99,23,26,33,8,18,14,31,17,40,71,31,12,11,53,39,19,35,12,5,18,18,1,9,6,22,6,11,1,23,14,10,2,10,14,0,6,0,39,10,1,13,9,2,7,25,12,8,3,7,5,2,0,4,10,13,13,9,3,5,11,3,8,16,1,5,11,14,12,5,4,1,6,9,5,13,0,13,3,0,2,0,2,10,0,8,0,1,10,5,9,0,9,11
2014/1/31,32,32,31,19,60,42,42,16,8,7,2,3,0,15,17,9,58,24,8,5,35,4,10,29,4,8,10,2,1,9,2,7,0,0,0,22,7,0,3,1,1,0,7,0,6,3,2,5,2,8,6,5,4,4,1,6,2,1,0,0,3,2,0,0,1,0,4,0,0,7,0,1,2,4,8,6,0,0,1,2,6,3,0,11,4,0,0,0,1,2,0,6,0,2,1,4,0,0,2,0
2014/2/1,1,0,0,0,50,0,55,22,0,2,0,0,0,6,0,0,32,1,0,1,0,0,0,28,0,0,0,0,0,0,0,0,0,0,0,26,0,0,0,0,2,0,0,0,1,3,0,0,1,0,0,0,1,0,0,4,0,0,0,0,4,0,0,0,0,0,0,0,0,0,1,0,7,0,4,0,0,0,2,0,0,0,1,3,4,0,0,0,0,0,0,0,0,0,0,1,0,0,0,0
2014/2/2,0,4,2,0,64,1,42,13,0,0,0,1,0,3,0,0,51,0,1,2,2,0,0,27,0,0,0,0,0,0,0,0,0,0,0,19,0,0,0,0,0,0,0,0,0,11,0,0,0,0,0,0,0,1,0,1,1,0,0,0,0,0,0,0,0,0,0,0,0,0,0,0,6,0,1,1,0,0,2,0,0,0,0,8,1,0,0,0,0,0,0,0,0,0,0,0,0,0,0,0
2014/2/3,1,0,1,0,20,0,80,1,0,5,2,0,3,5,0,0,18,0,0,2,0,0,1,20,0,0,0,0,0,0,0,0,0,0,0,5,0,0,0,0,5,0,0,0,0,2,0,0,2,0,0,0,0,2,0,3,0,0,0,0,0,0,0,0,0,1,0,0,0,0,0,0,2,0,8,0,0,0,3,0,0,0,0,2,2,0,0,0,2,0,0,0,0,0,0,2,0,0,0,0
2014/2/4,0,1,1,0,21,0,91,20,0,3,0,0,0,5,0,0,5,0,0,0,2,0,0,23,0,0,0,0,0,0,0,0,0,0,0,8,3,0,0,0,3,0,0,0,0,9,0,0,2,0,0,0,0,0,0,0,0,2,0,0,0,0,0,0,0,1,0,0,0,0,1,0,2,0,6,0,0,0,2,4,0,0,0,14,0,0,0,0,0,0,0,0,0,0,0,2,0,0,0,0
2014/2/5,69,48,54,17,59,23,69,40,9,21,9,5,15,15,12,8,21,28,11,1,7,7,5,28,4,10,11,7,4,7,9,9,12,3,0,16,0,4,7,12,11,0,17,0,3,7,2,3,3,3,4,5,4,4,3,4,0,3,0,3,6,4,12,16,0,0,3,11,3,0,2,8,19,1,3,3,7,4,1,2,3,2,0,3,6,3,3,0,2,0,0,15,0,0,1,3,13,0,0,0
2014/2/6,54,32,52,48,32,21,57,28,6,13,6,7,13,2,15,8,20,18,7,3,2,5,10,18,8,7,3,3,10,5,8,4,2,5,0,21,12,6,6,17,5,0,11,0,0,5,0,0,1,14,3,10,2,0,0,4,3,2,0,0,3,5,7,1,2,6,3,2,5,3,2,0,11,3,6,3,5,0,4,0,2,0,0,10,4,0,1,0,0,1,0,8,0,4,2,6,4,0,0,9
2014/2/7,74,48,52,18,37,16,35,46,16,13,4,9,15,12,15,20,14,9,5,2,4,3,7,15,17,12,5,3,10,7,18,8,4,2,0,23,1,5,6,31,4,0,6,0,0,15,0,3,2,9,2,5,2,6,5,0,4,3,0,7,2,0,7,1,1,5,2,0,0,8,16,1,8,2,4,2,7,0,2,3,3,1,0,8,17,0,13,0,4,1,20,4,0,4,5,2,4,0,1,0
2014/2/8,126,76,82,78,84,49,54,50,25,31,27,15,34,48,8,34,42,36,11,12,35,24,26,17,13,10,15,25,9,6,5,9,15,9,9,10,14,4,8,19,7,0,18,0,17,6,6,14,10,8,22,2,12,6,6,13,5,4,0,8,14,2,10,16,2,16,9,16,7,12,6,8,16,3,5,8,4,21,3,9,6,6,6,6,8,1,11,0,13,15,6,9,0,6,7,26,5,0,13,2
2014/2/9,91,89,105,28,33,43,41,45,20,38,30,10,35,14,22,32,37,26,13,11,34,12,18,12,10,18,12,12,15,23,14,5,5,7,0,11,4,0,16,2,2,0,11,0,10,16,5,8,1,11,14,24,5,4,14,6,5,5,0,5,3,1,3,11,2,9,12,6,2,2,1,3,9,9,5,5,25,7,0,0,5,4,5,9,2,0,0,0,5,9,0,7,0,1,6,6,6,0,1,1
2014/2/10,1,2,2,0,47,0,44,0,0,1,0,0,0,0,0,0,25,0,5,0,0,0,0,14,0,0,1,0,0,0,0,0,0,0,0,3,11,0,0,0,6,0,0,0,0,5,1,0,3,0,0,0,3,0,0,0,0,0,0,0,0,0,0,0,0,0,0,0,2,0,0,0,0,0,7,0,0,0,2,0,0,0,0,0,1,0,0,0,0,0,0,0,0,0,0,0,0,0,0,0
2014/2/11,229,189,154,124,69,81,57,75,35,30,17,20,25,63,35,120,23,60,34,34,61,46,21,22,25,30,31,24,7,19,32,10,17,14,22,8,29,33,18,19,36,0,26,0,27,8,28,22,15,21,31,50,21,12,13,10,11,14,0,5,13,9,37,13,6,15,15,10,18,5,11,14,9,13,8,15,16,11,3,32,15,14,2,26,13,2,10,0,6,16,18,8,0,7,25,8,16,0,7,19
2014/2/12,235,151,120,103,57,74,39,48,44,50,35,17,38,31,44,86,37,48,23,45,57,43,52,32,31,1,26,25,18,32,19,15,22,27,19,6,15,8,10,3,12,0,18,0,12,20,13,20,15,9,10,24,38,13,13,13,13,13,0,9,26,5,10,8,5,18,4,16,8,5,12,23,3,15,6,12,18,13,0,8,9,7,1,16,2,2,1,0,17,7,3,8,0,4,13,5,5,0,23,2
2014/2/13,187,151,148,259,52,53,53,40,35,39,39,20,24,33,42,77,21,37,26,41,30,29,56,7,45,23,27,17,18,24,7,19,12,20,10,11,32,14,10,28,25,0,27,0,20,7,5,16,21,14,15,9,7,11,12,19,9,24,0,13,14,24,20,15,6,14,12,12,21,6,3,5,6,17,5,16,13,4,7,10,14,9,1,18,7,0,8,0,4,8,6,12,0,3,10,24,14,0,5,20
2014/2/14,178,137,123,96,29,75,32,60,71,23,22,16,23,27,57,28,14,22,32,12,50,31,39,16,28,18,41,19,8,24,17,16,20,25,22,7,23,17,11,6,19,0,19,0,3,1,10,15,7,6,17,14,6,8,17,11,9,8,0,6,3,9,9,7,0,5,15,12,4,0,10,7,14,12,1,8,5,5,2,13,8,1,0,7,2,5,0,0,10,10,34,11,0,4,6,5,9,0,4,0
2014/2/15,110,112,107,173,92,64,22,35,42,37,24,28,15,31,46,30,19,19,10,23,18,32,18,19,17,6,22,8,18,10,23,17,16,14,47,4,19,5,17,30,4,0,12,0,30,4,6,16,16,5,11,7,15,6,16,3,9,6,0,13,5,0,14,8,3,5,7,13,7,13,6,10,6,4,6,6,7,5,1,5,3,4,3,10,3,2,0,0,9,5,1,13,0,4,9,11,3,0,11,0
2014/2/16,78,37,88,51,23,23,15,38,21,19,18,7,24,24,15,15,30,25,7,8,6,5,17,6,11,9,6,7,7,4,26,4,5,12,0,3,4,1,14,7,1,0,6,0,0,4,1,6,15,7,7,9,2,7,12,4,0,0,0,12,7,30,4,4,5,1,9,3,0,3,5,2,3,8,1,7,10,2,0,7,0,0,1,13,1,3,0,1,5,8,0,9,0,4,2,6,2,0,0,0
2014/2/17,0,0,0,0,20,0,48,0,0,1,1,0,0,1,0,0,24,0,3,0,1,0,0,15,0,0,1,0,0,0,0,0,0,0,0,0,7,0,0,0,12,0,0,0,0,4,2,0,1,0,0,1,0,2,0,1,0,0,0,0,2,0,0,0,0,0,0,0,1,0,0,0,2,1,4,2,0,0,0,0,0,0,0,0,4,0,0,0,0,0,0,0,0,0,0,2,0,0,0,0
2014/2/18,204,125,156,110,29,54,39,47,64,29,35,30,23,37,28,70,15,37,35,21,38,44,50,19,22,37,15,21,20,23,15,26,10,17,24,5,26,28,22,28,43,0,13,0,9,17,28,17,9,18,25,18,8,11,16,8,6,9,0,15,11,7,22,10,4,19,9,18,17,4,15,16,4,6,1,6,4,4,0,9,17,3,6,11,6,1,14,1,10,5,20,14,0,3,7,14,15,0,4,0
2014/2/19,231,182,146,132,56,81,38,44,63,56,47,33,44,27,30,48,17,46,16,26,26,42,52,11,23,19,13,17,14,29,30,19,14,11,16,3,18,17,14,18,5,0,17,0,31,5,16,13,9,13,7,20,24,20,11,7,14,8,0,3,19,3,14,20,1,18,4,10,9,4,10,18,4,5,5,9,3,8,0,11,22,16,4,9,4,2,7,0,6,4,5,9,0,3,11,0,10,0,15,0
2014/2/20,84,126,145,331,35,75,62,38,58,48,32,30,56,45,59,30,25,49,23,35,40,25,60,12,36,24,21,13,14,24,9,28,30,16,19,10,32,20,9,44,22,0,25,0,23,6,8,23,20,8,12,10,13,23,11,6,15,12,0,8,17,29,17,14,9,18,15,11,22,5,4,14,9,11,15,8,6,5,5,12,8,5,2,14,11,0,3,0,8,8,0,5,0,0,17,19,20,0,1,5
2014/2/21,223,142,153,162,35,98,25,60,44,31,47,39,53,15,62,6,15,37,29,22,13,49,30,2,34,22,29,14,7,38,5,26,15,24,14,3,34,8,2,28,23,0,28,0,27,10,14,18,25,13,19,19,6,9,14,8,18,5,0,2,3,21,12,13,7,3,6,7,9,2,19,30,2,13,1,7,6,3,4,7,12,15,2,2,6,10,0,0,3,6,28,4,0,2,13,7,7,0,16,4
2014/2/22,171,124,136,230,42,100,21,47,57,63,29,35,39,39,52,33,25,25,29,33,26,31,39,6,36,14,28,18,17,23,28,39,29,15,60,5,20,5,8,37,4,0,24,0,8,7,27,18,46,9,17,9,17,10,12,12,13,13,0,15,13,5,30,6,19,17,7,11,6,7,7,27,8,11,7,10,7,20,6,12,14,5,4,14,3,2,12,0,15,5,1,9,0,14,10,6,8,0,4,0
2014/2/23,99,60,86,41,31,23,19,41,7,33,12,5,17,18,14,25,38,22,24,7,14,7,13,3,15,9,11,8,17,21,13,3,0,9,1,14,4,3,15,38,3,0,15,0,6,2,0,16,14,5,15,0,6,6,12,7,5,1,0,9,10,0,2,7,1,4,11,6,3,4,2,8,5,11,4,11,0,4,1,2,6,4,0,5,7,1,6,0,8,8,0,10,0,0,6,11,1,0,0,1
2014/2/24,1,2,0,0,29,0,29,1,0,0,1,0,1,3,1,1,23,0,4,1,0,0,0,10,0,0,0,0,0,0,0,0,0,0,0,3,12,0,0,0,17,0,0,0,0,4,0,0,2,0,0,0,3,0,0,0,0,1,0,0,0,0,0,0,0,1,0,0,12,0,0,0,1,1,8,2,0,0,0,1,0,0,0,0,5,0,0,0,0,0,0,0,0,0,0,0,0,0,0,0
2014/2/25,309,159,156,168,73,103,58,64,46,51,51,20,38,57,32,65,31,38,52,30,17,37,28,11,29,32,34,15,9,36,14,18,8,19,15,8,35,27,11,26,31,0,15,0,30,11,47,13,15,14,14,20,11,8,19,28,22,7,0,3,10,8,52,20,9,23,11,5,28,7,17,9,9,9,13,10,6,12,4,6,6,18,3,13,15,5,0,0,4,14,22,11,0,1,13,12,21,0,13,23
2014/2/26,224,168,135,97,41,89,24,42,51,64,48,26,64,16,55,51,33,35,42,39,38,27,66,12,24,3,24,20,9,20,10,17,27,27,7,9,19,11,12,5,6,0,20,0,17,12,25,11,18,12,10,29,22,14,19,15,8,14,0,5,13,7,24,9,3,15,4,20,5,7,5,31,3,14,13,7,2,15,0,23,9,5,0,4,4,9,1,0,25,7,0,10,0,1,7,2,3,0,5,2
2014/2/27,83,107,169,280,56,91,56,46,53,77,44,36,41,29,50,46,16,19,21,39,24,26,23,13,36,18,31,31,6,31,8,25,33,11,22,11,26,27,1,23,36,0,16,0,27,13,7,24,29,12,13,16,19,17,3,9,23,12,0,11,5,31,23,12,5,11,15,11,24,10,2,12,6,11,4,13,7,9,3,24,6,26,2,33,22,1,4,0,14,14,0,9,0,0,4,19,14,0,6,33
2014/2/28,148,154,147,119,42,94,47,37,58,42,33,38,37,38,44,27,27,30,38,29,13,39,54,10,42,17,36,29,12,27,4,16,19,26,7,6,17,20,2,11,19,0,17,0,17,9,8,17,17,11,21,18,13,5,6,10,14,15,0,2,12,23,17,7,8,3,13,22,7,9,16,14,4,21,9,12,4,14,3,7,9,11,0,9,13,14,5,0,17,4,21,5,0,8,12,7,14,0,20,4
2014/3/1,183,127,151,197,25,87,20,33,74,38,40,36,49,38,39,37,32,35,18,27,33,29,30,19,16,21,22,19,19,41,15,20,16,15,62,5,10,14,6,9,5,0,11,0,7,4,11,18,24,14,16,8,23,6,12,14,12,7,0,7,14,4,17,17,7,10,12,13,6,5,6,20,6,8,7,6,5,17,2,7,8,6,5,10,13,1,7,0,17,4,0,11,0,17,14,9,4,0,4,3
2014/3/2,96,74,109,54,17,31,24,41,24,20,25,6,33,24,30,39,15,28,26,7,4,9,13,6,24,12,3,11,23,14,15,9,2,14,0,6,2,2,9,10,6,0,18,0,0,3,3,7,10,2,16,3,2,2,22,9,1,4,0,10,15,1,15,10,3,1,7,8,0,4,0,4,3,12,8,5,2,2,1,5,2,0,2,2,2,0,0,0,2,4,0,3,0,6,7,7,5,0,2,4
2014/3/3,0,2,0,0,15,0,48,0,0,0,1,0,3,3,0,0,8,2,1,2,0,0,0,12,0,0,0,0,0,0,0,0,0,0,0,2,23,0,0,0,19,0,0,0,1,1,0,0,3,0,0,0,2,0,0,2,0,0,0,0,0,0,0,0,0,0,0,0,5,0,0,0,3,0,1,0,0,0,0,0,0,0,1,0,4,0,0,0,0,0,0,0,0,0,0,3,0,0,0,0
2014/3/4,259,189,168,136,34,66,55,80,72,56,47,16,33,94,49,54,7,36,43,40,47,38,35,14,29,39,26,20,17,39,10,20,16,19,7,7,41,11,13,27,39,0,15,0,8,14,43,12,32,12,30,10,14,12,9,18,12,6,0,10,1,7,26,13,6,17,9,9,23,9,16,21,2,6,4,12,3,16,2,4,4,5,2,17,9,7,10,0,7,3,27,8,0,5,24,17,16,0,11,25
2014/3/5,169,192,143,130,59,112,45,71,50,66,49,34,44,19,62,25,28,23,16,25,13,24,66,16,32,14,15,26,13,24,15,20,32,14,9,7,33,14,12,2,7,0,10,0,22,11,13,16,16,9,11,15,32,23,10,21,20,10,0,5,15,60,11,6,4,13,7,18,6,5,10,13,4,6,12,14,7,9,1,9,14,25,7,9,12,1,1,0,10,5,3,9,0,3,3,2,11,0,19,0
2014/3/6,139,140,147,232,42,98,77,57,59,62,57,49,44,46,39,25,17,37,56,71,29,35,39,32,36,34,38,17,8,33,12,33,32,15,19,11,30,18,10,22,24,0,14,0,22,14,19,16,30,12,4,14,7,26,7,19,12,16,0,8,4,40,22,25,5,9,3,9,15,10,3,14,4,5,8,9,7,8,0,5,11,3,1,15,17,4,0,0,10,6,0,5,0,14,7,25,13,0,7,37
2014/3/7,109,154,125,97,75,73,49,64,75,32,42,47,39,21,63,26,11,18,27,27,12,30,68,12,35,21,23,13,12,17,11,22,16,17,10,11,34,21,17,4,23,0,30,0,25,3,7,13,29,7,26,23,7,8,24,17,14,9,0,6,10,19,16,12,6,5,10,13,5,2,21,8,2,11,5,4,4,0,3,5,7,15,1,6,2,11,0,0,14,11,16,6,0,5,4,1,6,0,13,0
2014/3/8,213,156,117,112,36,121,34,76,58,68,43,32,28,38,50,31,31,18,32,29,40,36,29,27,24,11,11,29,5,26,12,19,25,21,53,8,10,7,10,28,9,0,11,0,14,8,9,8,20,5,13,28,16,16,21,16,14,9,0,11,8,8,24,15,1,5,10,27,4,11,5,22,4,7,10,15,20,14,0,11,8,5,3,17,5,4,3,0,21,12,5,9,0,21,6,8,10,0,8,2
2014/3/9,75,48,47,48,49,22,12,45,23,21,16,7,27,15,16,32,25,12,29,4,3,13,19,8,10,3,6,13,12,15,23,6,6,5,0,3,6,0,17,16,2,0,13,0,11,0,1,17,2,9,5,12,1,3,18,6,2,0,0,8,12,0,8,8,0,5,13,5,0,0,8,7,2,6,3,4,8,0,0,7,0,4,5,11,6,0,7,0,5,4,0,12,0,0,5,8,1,0,0,5
2014/3/10,0,2,0,1,14,0,30,2,0,1,1,0,0,0,0,0,9,0,1,2,1,0,0,3,0,0,0,0,0,0,0,0,0,0,0,1,7,0,0,0,13,0,0,0,0,0,0,0,2,0,0,0,1,0,0,3,0,0,0,0,0,0,0,0,0,1,0,0,9,0,0,0,6,0,3,0,0,2,1,0,0,0,1,0,2,0,0,0,1,0,0,0,0,0,0,0,0,0,0,0
2014/3/11,213,213,177,124,59,79,63,69,72,52,32,32,25,70,50,78,32,31,25,38,12,37,41,21,19,36,23,24,16,26,7,20,8,15,7,3,30,17,8,29,36,0,13,0,30,5,35,14,21,18,14,23,11,14,18,17,6,8,0,5,22,13,25,11,3,12,20,18,12,10,24,10,9,14,3,12,6,11,7,12,7,18,0,19,12,6,11,0,6,17,29,4,0,3,13,6,20,0,17,20
2014/3/12,180,146,149,133,35,89,42,70,42,67,40,34,48,28,73,37,26,44,24,44,33,37,57,17,24,4,20,13,8,19,18,14,34,17,5,7,27,4,9,15,9,0,21,0,14,6,15,26,17,11,10,12,40,23,11,18,8,12,0,5,6,4,22,21,1,17,5,26,7,7,11,16,3,4,3,14,5,11,4,14,20,8,5,11,2,10,13,0,13,2,5,8,0,7,7,4,7,0,11,19
2014/3/13,155,167,258,200,67,72,59,36,62,72,53,36,54,35,45,31,39,28,53,38,18,59,35,15,36,32,45,31,9,14,5,23,33,24,16,18,25,28,10,16,31,0,21,0,31,5,9,17,19,10,12,10,9,20,12,16,12,20,0,16,12,30,10,11,8,20,7,12,18,7,5,12,7,4,4,9,9,10,7,8,16,14,3,9,15,2,0,0,16,8,0,9,0,18,15,23,28,0,12,32
2014/3/14,132,135,172,109,69,125,21,44,39,38,53,17,47,13,46,26,32,45,37,31,25,24,47,21,46,16,29,28,6,25,8,14,22,27,6,18,20,26,13,25,21,0,14,0,6,14,5,11,19,13,37,21,9,5,16,9,10,8,0,3,7,9,24,4,9,4,11,9,7,5,12,9,5,10,2,16,7,11,5,11,8,5,1,13,5,11,11,1,4,5,17,6,0,2,10,6,6,0,9,3
2014/3/15,196,154,161,121,84,91,26,46,46,48,44,30,69,38,55,20,43,50,50,59,31,30,24,19,24,22,46,28,8,36,6,17,22,14,54,20,12,21,5,20,7,0,12,0,38,9,14,26,22,9,22,21,18,15,12,12,9,14,0,10,8,10,10,12,5,7,15,15,5,12,4,15,6,16,5,10,6,10,8,12,11,20,6,17,15,8,14,0,9,12,0,8,0,0,8,10,4,0,18,0
2014/3/16,83,42,96,29,39,46,31,56,14,16,43,13,30,13,23,10,33,43,77,19,10,11,9,17,13,1,11,4,3,9,3,2,2,11,0,5,4,0,5,41,9,0,23,0,1,2,0,6,15,3,6,16,12,1,6,8,3,3,0,7,4,4,5,15,2,1,4,7,0,1,7,8,5,8,2,4,9,3,2,8,8,1,3,9,0,1,15,0,0,2,0,11,0,0,3,18,0,0,0,0
2014/3/17,1,2,3,0,19,0,42,4,0,0,1,0,3,1,0,0,37,0,1,3,0,0,0,17,0,0,0,0,0,0,0,0,0,0,0,5,10,0,0,0,18,0,0,0,1,5,0,0,2,0,0,0,1,3,0,0,0,0,0,0,0,0,0,0,0,1,0,0,4,0,0,0,4,0,2,0,0,2,1,1,0,0,0,2,4,0,0,0,0,0,0,0,0,0,0,2,0,0,0,0
2014/3/18,193,184,176,109,56,68,70,67,59,52,36,31,43,64,52,64,20,41,38,26,29,29,38,35,36,29,27,27,15,27,20,17,6,19,14,7,41,11,16,32,34,0,9,0,10,9,33,22,24,20,28,22,3,18,12,13,14,10,0,8,10,11,15,10,10,20,13,5,17,8,16,8,1,7,12,13,14,1,4,7,10,14,7,20,16,5,6,0,6,12,24,12,0,9,14,12,24,0,7,27
2014/3/19,165,157,153,130,77,94,37,63,45,52,44,19,59,31,55,33,27,38,39,40,25,38,52,17,26,23,19,17,16,23,23,21,36,22,8,4,15,7,15,0,7,0,8,0,26,3,17,17,20,12,12,16,36,19,12,16,24,7,0,9,6,24,19,15,0,14,4,22,5,11,4,20,3,16,3,12,4,13,0,11,5,15,8,4,5,9,0,0,21,2,0,15,0,2,7,0,6,0,11,3
2014/3/20,109,148,178,196,57,83,62,55,50,58,33,57,60,38,65,39,20,41,57,50,28,39,36,42,32,31,43,22,12,24,11,21,40,16,8,3,23,12,12,18,32,0,8,0,23,6,11,13,24,10,10,12,11,24,13,9,27,8,0,27,11,25,24,15,2,19,8,13,18,9,8,4,6,14,2,5,4,3,3,7,7,4,2,7,10,3,3,0,10,10,12,5,0,25,11,14,11,0,8,27
2014/3/21,105,144,142,92,71,104,63,49,44,41,53,38,30,53,47,23,18,46,86,21,21,36,43,26,41,17,17,16,10,26,8,15,30,19,22,8,15,13,7,44,11,0,9,0,6,5,8,8,32,12,23,31,4,10,17,19,11,9,0,19,3,54,11,15,8,5,3,11,15,6,11,13,4,22,4,8,4,2,2,12,18,7,9,19,3,14,9,0,8,9,39,9,0,3,7,9,5,0,8,1
2014/3/22,217,106,160,127,58,87,33,58,25,52,46,12,57,45,57,17,49,35,94,36,26,25,51,22,15,23,31,22,5,29,6,22,35,17,57,6,10,7,7,34,10,0,13,0,17,8,6,29,16,3,20,20,26,13,24,11,19,4,0,12,14,0,11,8,12,21,11,13,4,8,11,11,3,8,2,1,10,15,0,8,8,15,11,22,6,0,6,0,10,11,2,4,0,0,17,17,6,0,12,0
2014/3/23,69,72,127,39,30,40,48,61,27,27,20,16,16,49,25,34,8,26,44,8,11,12,10,11,12,13,18,3,20,7,23,10,4,4,0,9,10,1,9,29,9,0,15,0,11,0,0,14,4,3,3,0,3,1,5,6,2,0,0,9,4,19,5,10,5,3,9,11,1,6,5,0,6,10,4,11,2,1,1,4,1,0,3,9,5,0,19,0,1,6,0,6,0,4,10,16,5,0,0,7
2014/3/24,1,2,1,0,19,0,83,3,0,0,1,0,0,6,0,0,34,0,27,0,0,0,0,21,0,0,0,0,0,0,0,0,0,0,0,11,11,0,0,0,21,0,0,0,2,4,0,0,2,0,0,0,0,0,0,4,0,0,0,0,2,0,0,0,0,0,0,0,5,0,2,0,7,0,4,1,0,0,3,0,0,0,0,0,0,0,0,0,0,0,0,0,0,0,0,1,0,0,0,0
2014/3/25,173,151,191,115,68,93,75,75,50,53,45,31,32,93,63,44,18,54,22,21,30,42,18,19,23,27,37,14,15,48,11,26,8,18,17,15,41,12,10,19,35,0,18,0,33,8,43,15,13,14,12,28,6,18,15,21,10,8,0,10,5,8,26,12,2,19,12,9,16,6,14,1,8,13,5,6,4,12,3,11,10,17,10,6,22,9,7,0,17,15,20,8,1,0,19,8,18,0,11,15
2014/3/26,248,151,127,101,54,98,67,45,46,88,58,22,70,42,44,36,27,36,17,46,45,29,47,22,24,7,25,27,13,58,6,22,33,9,9,14,15,4,3,3,9,0,14,0,9,5,22,19,15,11,17,17,34,31,5,11,17,12,0,4,18,55,9,25,8,17,12,12,7,8,5,24,7,3,3,8,12,18,3,11,23,7,13,6,10,5,0,0,13,8,0,7,0,1,6,7,6,0,15,3
2014/3/27,148,133,199,171,69,79,96,48,56,74,57,47,47,64,39,19,30,29,36,32,25,49,29,16,32,20,43,20,7,28,8,16,34,20,22,17,24,12,13,25,49,0,16,0,32,8,10,34,14,6,9,11,14,19,8,13,8,19,0,20,15,22,2,12,2,13,12,11,15,4,6,15,7,8,6,8,3,4,2,21,12,10,12,7,12,3,0,1,7,14,3,7,0,27,8,22,20,0,8,27
2014/3/28,202,158,191,155,61,69,47,61,50,49,37,39,42,63,48,37,18,43,33,35,36,43,49,19,35,24,36,30,23,53,9,24,24,18,10,19,18,21,8,21,28,0,17,0,10,10,10,12,9,11,33,19,5,7,17,20,11,8,0,5,6,59,13,7,30,6,20,9,4,7,5,19,7,34,1,17,2,8,8,7,13,3,11,8,3,18,11,2,6,11,21,5,0,5,11,3,9,0,4,5
2014/3/29,190,128,158,151,94,68,78,51,47,60,64,21,51,47,55,39,23,25,36,35,30,42,38,41,35,14,30,14,6,21,11,14,22,25,55,11,21,3,2,27,7,0,23,0,37,14,8,21,11,4,20,21,18,10,7,18,20,8,0,20,15,5,13,13,9,6,13,5,11,6,11,14,18,14,9,9,10,10,6,20,8,30,13,12,7,2,4,0,7,8,0,7,0,9,11,10,4,0,11,3
2014/3/30,73,49,78,32,57,30,34,68,18,13,18,13,33,28,16,25,36,28,24,14,0,5,13,16,15,4,19,12,5,6,9,1,4,11,0,16,0,1,2,37,2,0,12,0,5,5,0,5,5,6,7,2,6,3,7,7,1,1,0,14,6,1,2,8,0,1,9,3,0,3,11,0,6,9,12,3,10,5,2,1,3,4,9,1,6,0,30,0,1,6,0,7,0,2,4,36,0,0,0,5
2014/3/31,0,2,1,0,43,0,68,0,0,2,1,0,0,0,0,0,14,0,8,1,0,0,0,19,0,0,0,0,0,0,0,0,0,0,0,5,4,0,0,0,31,0,0,0,1,2,1,0,0,0,0,0,0,0,0,1,0,0,0,0,2,0,0,0,0,0,0,0,5,0,0,0,2,0,11,0,0,0,1,1,0,1,0,0,3,0,0,0,0,0,0,0,0,0,0,0,0,0,0,0
2014/4/1,198,137,140,100,79,95,87,80,43,51,35,25,50,63,64,52,20,42,33,30,33,13,47,35,23,19,36,27,17,40,12,30,11,14,47,11,22,14,13,23,30,0,17,0,15,16,32,31,7,14,44,19,13,22,19,16,12,21,0,10,7,12,21,15,5,10,13,16,17,9,19,2,9,15,22,8,11,3,3,16,19,11,12,8,13,7,8,0,8,12,26,7,0,1,10,14,17,0,7,18
2014/4/2,243,161,153,106,69,91,41,68,35,73,46,23,60,28,51,41,22,40,11,34,12,32,35,21,20,7,29,15,21,21,16,18,25,13,24,7,13,4,7,3,2,0,14,0,28,7,12,16,14,9,16,28,8,37,18,13,17,4,0,12,3,49,10,19,3,19,5,23,21,12,8,29,8,7,6,10,7,7,2,15,10,23,9,12,6,2,0,0,6,10,2,13,0,3,8,5,12,0,14,0
2014/4/3,82,96,214,164,62,78,70,68,71,50,52,37,58,63,46,28,9,32,29,54,38,34,24,22,30,19,41,29,18,31,16,19,42,19,29,6,18,28,6,19,16,0,19,0,19,3,5,18,9,13,6,16,2,9,11,10,12,13,0,18,7,23,7,22,8,12,7,13,18,15,8,17,7,15,10,3,4,9,1,11,11,3,18,0,12,3,1,0,6,8,0,7,0,30,6,17,13,0,13,16
2014/4/4,190,142,177,93,73,67,49,70,48,45,51,34,41,51,42,9,34,32,27,21,34,26,27,17,29,23,27,21,7,23,2,25,28,21,1,17,27,16,3,16,18,0,20,0,24,13,14,18,24,13,17,21,11,7,11,8,13,12,0,9,4,47,13,7,7,8,5,12,13,10,11,12,14,17,6,11,4,4,5,5,15,13,19,6,6,9,0,0,15,0,21,9,0,1,12,2,2,0,9,1
2014/4/5,151,139,170,111,43,76,46,54,43,55,61,26,41,43,58,20,29,30,14,46,40,36,37,32,24,10,39,24,7,24,20,23,24,23,57,16,11,8,19,24,7,0,10,0,15,12,11,19,26,9,20,11,9,13,16,6,11,10,0,9,11,1,10,7,10,10,14,14,7,7,2,11,2,8,2,13,13,30,2,10,11,10,5,13,6,2,1,0,8,8,0,5,0,0,8,10,8,0,6,0
2014/4/6,55,33,72,33,39,19,54,52,19,18,7,10,12,18,14,13,21,15,19,12,3,15,4,15,9,4,9,5,20,11,18,3,4,3,0,10,1,0,13,22,6,0,9,0,4,5,0,3,1,8,5,3,3,1,10,9,2,1,0,10,8,0,2,4,4,0,4,10,2,0,4,2,5,9,5,5,3,1,4,5,1,0,10,5,0,1,8,0,4,1,0,2,0,0,3,7,1,0,0,0
2014/4/7,0,0,1,1,57,0,56,1,0,2,1,0,2,1,0,0,22,1,2,2,1,0,2,16,0,0,2,0,0,0,0,0,0,0,0,7,5,0,0,0,10,0,0,0,2,6,0,0,1,0,0,0,1,0,0,1,0,0,0,0,0,0,0,0,0,0,0,0,2,0,0,0,4,0,4,0,0,0,2,0,0,0,0,0,9,0,0,0,0,0,0,1,0,0,0,6,0,0,0,0
2014/4/8,96,62,79,39,68,17,104,67,13,17,37,13,20,50,6,18,15,39,14,13,0,15,22,36,1,12,16,5,19,9,10,4,6,8,0,1,12,4,12,39,27,0,18,0,7,9,2,17,2,1,7,16,0,4,8,11,1,3,0,17,16,2,4,13,4,2,4,4,14,6,12,0,6,3,18,6,16,9,14,2,8,12,16,2,13,3,12,0,2,1,18,5,0,1,3,9,8,0,0,7
2014/4/9,242,199,216,110,133,106,68,68,27,90,87,23,66,32,56,33,40,36,29,49,33,52,45,24,27,3,25,24,13,54,15,9,35,25,13,20,22,7,12,2,15,0,18,0,18,5,31,18,26,22,14,18,24,17,7,24,19,14,0,22,10,53,11,22,11,19,7,10,8,12,6,18,5,9,9,8,11,26,5,9,13,32,17,9,15,2,0,0,13,9,0,7,0,0,6,12,9,0,13,0
2014/4/10,125,181,196,156,56,114,92,53,49,69,52,44,54,49,54,39,37,48,38,56,41,36,22,30,21,23,41,17,22,27,18,29,32,29,24,30,32,13,11,21,53,0,19,0,26,6,10,30,22,16,9,11,5,17,11,18,15,15,0,19,14,37,14,28,10,16,3,19,16,5,2,18,7,11,6,7,7,7,6,10,9,3,20,3,10,0,8,4,8,14,0,11,0,12,14,25,20,0,11,31
2014/4/11,238,138,174,83,65,93,63,63,40,44,54,28,38,33,45,24,14,38,21,31,32,31,37,36,50,27,46,15,15,61,7,27,16,26,7,31,20,26,8,10,29,0,20,0,18,7,12,10,16,19,26,35,3,14,21,10,15,6,0,8,5,27,11,5,8,11,10,11,12,15,7,27,2,19,9,19,5,13,8,10,14,18,11,5,11,11,0,0,7,9,26,14,0,1,10,3,14,0,4,1
2014/4/12,183,138,176,130,74,78,40,63,51,57,56,36,40,64,57,24,20,20,24,31,42,41,34,30,37,16,29,37,18,32,17,43,22,36,63,12,12,21,13,22,8,0,14,0,9,16,11,13,23,10,44,13,15,19,18,7,9,6,0,24,13,4,14,8,4,8,16,19,15,3,0,8,6,12,4,7,7,4,1,11,6,4,13,15,19,3,6,0,5,10,1,10,0,7,10,9,11,0,11,1
2014/4/13,118,51,112,42,40,24,22,46,16,29,33,8,17,52,28,31,34,32,24,15,10,5,4,17,11,12,13,10,39,22,33,12,3,13,2,13,1,4,17,0,3,0,12,0,0,6,0,6,6,8,7,1,3,1,12,8,4,5,0,7,0,2,6,13,1,1,9,8,0,1,3,1,4,13,2,2,5,1,0,8,7,0,15,5,2,1,0,0,0,3,0,6,0,1,1,21,10,0,0,0
2014/4/14,1,0,1,0,42,0,49,1,0,5,5,1,3,0,0,0,26,1,5,5,0,0,0,17,0,1,0,0,0,0,0,0,0,0,0,3,9,0,0,0,19,0,0,0,0,14,0,0,3,0,0,0,4,0,0,2,0,0,0,0,5,0,0,0,2,0,0,0,6,0,4,0,4,1,7,0,0,0,8,1,0,0,4,1,5,0,0,0,0,0,0,1,0,0,0,1,0,0,0,0
2014/4/15,215,165,188,127,105,109,80,75,47,76,35,26,43,58,56,46,26,30,27,36,36,29,31,23,37,26,19,70,8,41,9,29,15,34,18,5,31,32,4,11,26,0,13,0,37,8,39,12,13,12,16,20,9,14,14,12,27,24,0,14,5,18,11,16,9,12,11,13,21,14,10,4,5,11,13,16,9,11,14,7,22,33,9,10,17,6,1,0,8,20,23,9,0,0,7,7,29,0,18,20
2014/4/16,162,144,217,110,72,108,65,70,46,71,65,25,87,29,49,43,19,41,21,43,34,31,43,19,27,3,27,99,21,53,8,25,28,16,20,10,16,3,12,44,3,0,6,0,16,11,14,7,21,13,15,17,22,24,11,22,22,29,0,9,9,34,20,6,4,25,9,16,17,13,3,29,1,10,6,13,3,8,7,17,18,15,10,21,7,10,9,0,14,13,0,6,0,0,7,4,4,0,7,0
2014/4/17,173,165,238,186,101,91,84,59,43,62,31,62,59,47,51,35,28,35,35,51,29,47,27,32,23,14,33,46,19,37,10,26,26,23,14,18,39,13,9,17,29,0,14,0,38,4,5,15,27,25,5,8,11,17,15,16,31,22,0,19,16,27,12,11,6,13,7,13,23,4,6,7,7,19,8,11,8,8,14,12,11,20,10,6,3,1,1,0,9,3,0,10,0,7,9,15,13,0,10,25
2014/4/18,109,130,171,98,46,84,69,71,51,53,47,48,39,27,44,21,6,19,27,22,29,45,38,28,34,32,16,63,10,32,11,10,18,19,9,21,23,21,2,15,31,0,25,0,13,15,9,20,17,24,28,22,9,15,26,10,13,9,0,5,4,13,23,5,9,6,13,14,11,10,9,23,6,17,8,14,2,4,8,12,9,9,5,9,8,27,0,0,8,9,27,7,0,2,4,6,7,0,15,6
2014/4/19,172,110,123,109,60,71,63,62,40,35,55,38,16,38,48,8,12,16,11,44,14,42,34,21,20,11,28,21,15,23,14,19,11,42,65,16,10,11,6,32,0,0,15,0,27,12,14,10,23,14,18,14,8,5,13,16,10,10,0,5,15,4,11,7,8,13,8,11,15,8,7,14,5,6,13,12,8,2,22,11,6,29,13,9,7,2,7,0,7,5,6,5,0,0,1,12,6,0,6,0
2014/4/20,94,51,96,39,26,45,32,50,17,33,17,12,22,23,19,21,11,15,17,17,2,19,17,5,4,6,14,17,12,9,8,11,3,7,2,4,0,3,9,18,1,0,15,0,9,2,0,3,6,3,3,0,6,1,14,10,3,3,0,9,3,2,10,2,3,0,18,15,0,3,6,7,4,11,12,6,3,2,10,6,1,2,19,8,7,1,8,0,4,2,0,10,0,0,2,15,4,0,0,28
2014/4/21,1,3,3,0,37,1,67,0,0,0,2,0,1,0,0,0,7,0,0,3,0,0,0,19,0,0,0,0,0,0,0,0,1,0,0,10,6,0,0,1,18,0,0,0,0,3,1,0,1,0,0,0,0,1,0,0,0,0,0,0,0,0,1,0,0,0,0,0,3,0,0,0,5,0,8,1,0,0,11,0,0,0,0,0,5,0,0,0,0,0,0,0,0,0,0,0,0,0,0,0
2014/4/22,185,148,169,119,48,69,88,96,42,31,53,35,34,34,67,49,15,38,33,40,38,22,41,25,32,28,24,33,22,51,9,29,6,20,14,17,23,15,5,44,20,0,12,0,10,6,55,8,3,19,18,14,4,15,14,22,31,10,0,6,10,8,10,20,12,12,13,9,19,6,13,11,8,6,20,13,3,9,13,9,13,11,10,11,12,4,6,0,6,13,21,18,0,3,23,12,12,0,5,22
2014/4/23,199,168,179,125,56,92,71,53,32,77,33,19,60,20,64,38,25,22,22,47,42,25,55,29,34,2,15,31,18,37,12,18,43,25,8,13,25,8,10,31,9,0,14,0,13,10,16,16,21,13,8,11,33,32,11,10,20,23,0,8,12,4,21,16,13,14,7,21,19,3,21,25,6,19,10,16,9,16,18,14,19,6,7,19,12,4,12,2,16,12,4,5,0,4,10,7,12,0,8,1
2014/4/24,120,147,224,137,68,71,111,59,58,79,63,59,51,66,48,32,11,30,43,60,39,42,35,29,37,21,44,27,23,27,15,20,48,26,18,7,20,27,8,17,21,0,16,0,29,5,10,13,15,21,14,15,11,14,11,18,12,8,0,8,5,42,9,21,12,12,11,15,14,7,5,21,9,15,14,5,4,9,13,7,13,12,10,7,12,3,1,0,6,12,1,11,0,15,13,19,17,0,10,31
2014/4/25,168,181,189,115,62,79,62,57,54,48,54,55,40,20,58,27,14,43,26,30,33,39,17,28,27,27,37,11,25,34,10,26,7,32,6,17,21,11,3,10,6,0,17,0,20,5,9,12,21,16,27,22,7,4,12,13,22,6,0,8,5,18,16,11,14,8,14,9,9,5,14,21,1,16,1,13,6,4,8,8,5,5,12,5,3,7,0,0,6,6,27,10,0,10,12,5,15,0,2,2
2014/4/26,186,167,162,109,61,68,57,47,49,45,46,43,39,34,49,27,24,19,32,35,22,23,28,24,23,13,34,26,24,35,15,10,28,12,60,8,18,5,4,21,1,0,11,0,9,5,8,6,14,5,16,10,18,18,11,20,9,3,0,7,9,5,15,8,4,9,14,16,19,13,9,7,3,8,10,12,6,14,20,8,5,4,5,10,6,2,13,0,7,5,2,8,0,5,6,7,4,0,9,1
2014/4/27,85,64,86,34,16,31,44,55,17,15,24,15,15,21,15,13,2,23,13,15,11,5,9,1,6,3,11,6,6,6,4,3,0,6,3,25,0,1,0,20,1,0,15,0,5,2,4,10,2,22,5,2,0,1,5,6,0,1,0,5,8,3,8,24,17,1,13,7,3,1,8,0,7,11,9,4,24,2,9,2,0,1,11,3,12,1,10,0,3,6,0,5,0,0,5,13,0,0,0,12
2014/4/28,0,1,0,0,19,0,70,0,0,0,1,0,2,2,0,1,3,0,0,4,2,0,0,16,0,0,0,0,0,0,0,0,0,0,0,1,6,0,0,0,13,0,0,0,0,2,0,0,1,0,0,0,0,0,0,0,1,0,0,0,1,0,0,0,0,0,0,0,4,0,0,0,1,0,7,0,0,0,23,0,0,0,0,0,1,0,0,0,0,0,0,0,0,0,0,0,0,0,0,0
2014/4/29,186,233,200,90,56,91,67,80,49,42,34,58,43,74,81,50,13,44,31,25,52,30,12,22,42,19,24,14,24,48,12,38,9,41,20,14,25,8,9,3,42,0,8,0,4,10,44,23,1,19,22,18,5,11,15,11,20,19,0,12,12,17,12,11,11,10,15,10,33,13,9,16,2,6,17,13,5,11,19,5,13,16,8,4,13,12,3,0,2,13,24,8,0,6,5,7,16,0,4,34
2014/4/30,232,166,171,94,81,111,78,48,55,58,55,18,75,38,63,29,30,32,28,22,41,34,66,37,40,11,25,34,21,37,20,18,24,23,27,13,11,12,11,24,8,0,12,0,16,10,17,11,21,10,25,24,13,17,21,16,22,23,0,8,11,3,7,17,18,21,10,18,13,4,8,13,2,17,14,10,4,11,29,15,17,7,9,16,7,5,5,0,5,8,2,5,0,5,14,15,11,0,13,1
2014/5/1,138,154,214,151,69,90,111,35,47,85,57,51,60,49,36,18,27,41,31,31,59,40,22,39,25,13,35,21,33,42,29,33,24,22,9,8,35,18,28,10,50,0,8,0,15,8,3,18,18,13,14,16,10,7,13,19,11,12,0,18,9,4,5,15,10,13,8,14,14,2,5,2,2,17,7,2,10,2,22,11,10,2,5,7,1,0,2,0,4,11,0,7,0,14,11,13,8,0,2,24
2014/5/2,1,1,1,0,39,1,57,32,0,2,1,0,0,2,0,0,5,0,2,3,0,0,0,12,0,0,1,0,0,0,0,1,0,0,0,6,0,0,0,0,0,0,0,0,0,2,0,0,0,0,0,0,0,0,0,3,0,0,0,0,0,0,0,0,0,1,0,0,0,0,1,0,0,0,14,1,0,0,16,0,0,0,5,9,0,0,0,0,0,0,0,1,0,0,0,0,0,0,0,0
2014/5/3,97,49,83,43,85,41,81,40,14,29,29,7,32,12,29,8,10,29,18,6,4,10,4,22,18,20,10,6,26,17,18,7,11,22,0,12,11,1,18,28,1,0,18,0,15,7,0,9,2,9,7,12,4,2,9,14,7,10,0,7,14,2,13,9,2,1,6,7,2,1,10,10,5,3,16,0,9,1,25,4,3,7,11,12,5,11,9,0,4,4,0,10,0,0,1,40,0,0,0,1
2014/5/4,51,42,75,30,76,16,65,64,16,10,15,4,17,27,13,22,15,28,13,14,2,5,25,21,12,12,9,7,2,3,1,3,0,6,0,23,0,0,5,16,1,0,5,0,1,1,1,4,10,7,10,0,3,2,1,3,2,1,0,8,5,12,7,0,2,2,6,3,3,0,1,2,3,6,15,4,0,0,14,2,4,2,7,7,1,0,2,0,1,3,0,8,0,0,5,8,2,0,1,0
2014/5/5,162,87,105,54,65,33,103,4,17,50,68,12,42,27,10,7,14,40,21,20,45,24,35,17,10,10,20,13,6,36,2,10,11,3,11,21,8,22,7,10,29,0,8,0,12,6,12,15,3,21,8,0,8,7,1,12,6,4,0,3,0,5,14,8,1,6,8,8,4,5,13,16,9,11,12,2,0,14,22,22,12,1,9,1,3,14,8,0,18,4,24,17,0,4,7,9,7,0,7,0
2014/5/6,182,192,159,132,74,97,90,101,53,63,39,21,44,81,46,48,16,34,29,23,31,33,35,30,30,36,28,18,10,29,21,21,17,37,24,14,21,14,11,18,31,0,16,0,17,7,35,23,9,28,23,20,1,15,10,13,11,15,0,15,14,7,6,4,11,9,20,12,21,5,10,11,7,18,16,6,2,3,20,3,10,5,10,21,2,7,6,1,5,14,29,6,0,6,3,4,16,0,6,19
2014/5/7,199,222,144,133,84,83,54,52,45,54,47,44,29,26,34,28,23,43,38,29,36,34,40,26,22,17,38,24,19,43,8,15,23,36,14,12,15,14,16,33,3,0,5,0,25,3,12,12,17,6,17,25,23,27,10,15,12,22,0,9,1,7,10,19,14,14,3,15,9,10,4,22,4,11,11,11,12,15,15,11,13,1,13,18,5,1,8,0,10,7,0,12,0,8,7,13,4,0,8,0
2014/5/8,139,185,135,194,106,90,95,61,59,67,37,64,52,54,44,36,13,30,34,42,26,37,32,31,29,16,23,16,11,40,7,17,22,21,14,16,23,10,5,18,32,0,9,0,43,4,6,27,12,15,13,6,13,17,8,10,11,34,0,18,3,28,7,16,9,5,12,7,15,15,7,22,13,20,11,8,7,3,14,4,12,7,9,5,11,1,4,0,8,19,0,10,0,15,9,23,17,0,12,18
2014/5/9,129,165,151,115,70,89,81,58,43,51,48,41,47,21,53,10,6,35,36,21,27,28,21,35,34,36,21,14,13,33,9,23,11,18,8,8,27,11,7,6,22,0,26,0,6,19,7,14,19,7,18,10,9,5,16,10,4,12,0,4,3,13,21,13,15,10,9,11,7,5,10,10,7,35,12,12,9,1,47,11,4,0,13,9,1,6,0,0,6,8,21,2,0,3,7,5,5,0,10,0
2014/5/10,141,150,109,111,74,78,66,58,34,47,42,30,35,69,38,13,15,24,14,39,23,46,26,15,18,12,27,17,8,25,13,13,8,25,95,10,13,17,12,15,6,0,8,0,29,6,5,16,16,24,26,20,11,13,7,17,7,3,0,17,19,4,8,10,9,9,13,16,2,19,6,9,3,22,6,19,3,0,14,15,3,15,18,6,6,1,13,0,2,7,0,6,0,11,5,12,13,0,19,0
2014/5/11,93,60,62,38,69,16,66,43,15,16,20,8,20,21,13,9,14,29,6,5,6,8,4,21,7,11,12,6,15,18,12,7,1,4,0,8,2,7,10,20,10,0,5,0,4,8,0,5,5,2,19,13,9,0,18,3,1,2,0,14,2,3,12,10,1,6,7,0,0,6,5,3,10,9,8,4,15,3,12,1,1,3,5,9,8,0,9,0,0,4,2,8,0,0,5,4,1,0,0,0
2014/5/12,1,1,0,0,29,1,63,1,0,0,3,0,2,15,0,0,3,0,0,4,2,0,0,7,0,0,0,0,0,0,0,0,0,0,0,7,10,0,0,0,23,0,0,0,0,6,0,0,1,0,0,0,0,1,0,2,0,0,0,0,0,0,0,0,0,0,0,0,13,0,1,0,2,0,4,0,0,0,5,0,0,0,0,1,0,0,0,0,3,0,0,0,0,0,0,0,0,0,0,0
2014/5/13,155,209,170,131,74,110,72,69,53,51,51,47,67,83,61,58,13,44,23,36,44,23,45,22,50,15,32,21,13,73,10,15,15,31,36,24,28,20,11,43,30,0,5,0,24,11,41,16,8,8,20,23,6,13,19,20,30,27,0,18,17,10,15,12,7,12,11,10,15,13,12,6,12,4,7,17,2,6,24,12,19,5,12,10,17,11,5,0,10,17,19,16,0,16,7,16,17,0,11,18
2014/5/14,114,169,144,90,56,68,42,59,41,48,62,23,74,31,43,25,41,26,18,31,37,18,51,27,28,9,21,30,14,35,5,21,36,18,27,3,14,6,9,4,5,0,14,0,14,12,20,8,24,11,16,21,24,15,11,13,16,18,0,8,6,9,12,12,9,13,12,18,20,16,9,12,1,25,18,10,8,23,15,13,14,4,10,18,14,3,0,0,16,5,2,7,0,6,5,8,9,0,7,2
2014/5/15,119,173,195,182,98,82,84,39,61,73,39,78,89,52,53,30,13,32,34,47,25,41,34,23,27,15,41,11,10,26,12,19,21,20,20,10,29,16,8,21,26,0,9,0,25,4,14,19,11,12,6,9,12,12,7,22,11,14,0,15,3,36,6,19,8,18,18,17,18,16,8,9,4,13,12,5,2,8,27,16,15,10,6,20,4,0,2,0,2,12,0,13,0,21,9,19,17,0,2,30
2014/5/16,103,135,162,94,112,86,84,55,40,29,67,40,47,42,51,12,6,36,26,31,16,38,39,26,35,18,36,21,10,34,9,29,22,17,15,8,23,16,8,39,16,0,13,0,25,7,15,22,27,8,18,10,7,8,12,7,11,14,0,10,12,15,15,18,12,7,12,7,4,9,14,14,2,6,6,13,4,2,17,10,7,16,11,13,5,7,15,0,2,4,22,7,0,11,11,5,11,0,13,10
2014/5/17,173,141,167,135,105,73,92,56,42,47,68,26,48,61,35,17,20,31,27,28,32,48,33,24,25,16,24,20,14,22,9,12,20,20,86,26,8,11,8,39,8,0,11,0,25,18,7,14,5,8,22,18,13,15,7,10,8,10,0,13,14,6,13,12,14,10,5,14,8,15,6,9,8,7,12,7,6,23,26,13,9,21,20,7,4,1,10,0,12,2,0,9,0,4,9,7,3,0,12,0
2014/5/18,88,40,71,35,69,31,60,57,16,12,20,16,28,65,20,19,7,25,17,5,3,8,17,18,11,4,7,12,5,18,12,6,3,13,1,14,5,8,6,21,1,0,16,0,8,7,0,13,7,13,6,0,5,1,8,12,4,4,0,21,8,2,13,11,3,3,13,21,3,1,2,4,6,5,9,2,0,7,12,0,3,2,9,12,6,3,11,0,1,3,0,2,0,0,4,17,3,0,0,0
2014/5/19,0,0,1,0,41,1,109,3,0,2,0,0,1,1,0,0,8,0,3,1,0,0,0,9,0,0,0,0,0,0,0,0,0,0,0,9,11,0,0,0,16,0,0,0,0,5,0,0,1,0,0,0,0,0,0,2,0,0,0,0,2,0,0,0,0,0,0,0,8,0,0,0,2,0,9,0,0,0,19,1,0,0,0,0,0,0,0,0,0,0,0,0,0,0,0,0,0,0,0,0
2014/5/20,145,222,159,119,88,64,76,65,38,49,52,20,63,58,56,59,20,29,41,53,18,40,41,33,34,5,30,40,17,29,14,33,17,16,20,12,29,14,7,31,21,0,21,0,31,13,38,14,6,23,25,22,4,11,10,14,11,37,0,19,19,5,19,19,11,12,19,15,5,9,10,13,9,11,9,13,6,5,16,9,11,21,13,13,8,14,5,0,7,16,24,13,0,12,6,22,14,0,5,26
2014/5/21,181,163,161,115,86,40,82,42,49,81,69,38,59,32,51,33,8,37,19,37,27,34,43,28,28,9,32,19,16,41,6,21,29,19,14,14,22,1,8,24,4,0,5,0,15,11,18,11,16,15,14,21,26,22,7,11,23,35,0,8,8,5,12,14,8,17,5,21,14,7,8,41,4,11,20,12,1,28,10,24,8,10,15,17,11,2,7,0,31,6,1,7,0,12,14,19,4,0,12,0
2014/5/22,233,149,191,154,79,71,92,51,64,83,60,73,53,41,58,30,13,33,36,43,6,41,38,22,21,20,28,37,10,26,16,19,48,28,7,17,32,14,9,9,46,0,13,0,46,7,6,29,29,17,18,11,9,23,12,16,12,17,0,5,13,26,3,24,22,19,23,12,7,8,11,12,7,15,16,14,5,15,8,12,16,18,7,3,1,7,1,0,9,10,0,11,0,31,3,19,25,0,13,15
2014/5/23,150,142,169,157,57,105,71,73,49,46,45,44,42,34,53,12,8,38,35,26,42,24,16,14,36,38,36,29,9,47,14,18,18,25,7,22,14,19,7,33,4,0,11,0,28,10,6,28,7,19,32,15,3,3,12,11,18,9,0,14,3,10,20,10,13,6,7,20,5,6,13,18,3,13,3,11,4,8,8,10,17,2,17,4,2,14,10,0,12,12,29,8,0,11,8,10,11,0,7,0
2014/5/24,117,162,131,131,103,67,103,49,55,46,54,42,32,56,31,18,35,23,17,39,19,42,48,20,16,14,27,28,4,28,11,14,33,10,58,12,10,12,9,19,6,0,6,0,28,9,7,18,32,27,14,10,16,9,14,13,15,8,0,9,16,5,10,11,8,9,19,18,16,13,8,9,4,25,20,4,5,2,21,11,8,18,23,11,8,0,4,1,13,2,1,7,0,1,5,11,5,0,6,0
2014/5/25,71,31,56,28,53,36,73,54,10,16,18,8,14,39,33,16,10,32,28,5,18,12,2,16,7,12,6,7,12,21,7,5,4,11,0,15,7,2,2,19,1,0,16,0,1,16,1,6,4,6,10,6,2,2,9,6,4,2,0,6,5,1,6,9,4,0,8,5,2,0,7,6,12,17,13,6,3,3,8,1,2,0,10,9,4,0,6,0,2,6,0,4,0,2,0,16,2,0,0,24
2014/5/26,1,1,2,0,42,0,75,2,0,2,3,0,1,2,0,0,2,0,1,1,1,0,0,16,1,0,0,0,0,0,0,0,0,0,0,14,7,0,0,0,14,0,0,0,1,8,0,0,3,0,0,0,0,1,0,0,0,0,0,0,0,0,0,0,0,1,0,0,2,0,1,0,6,0,12,0,0,0,14,0,0,0,0,2,3,0,0,0,3,0,0,0,0,0,0,1,0,0,0,0
2014/5/27,181,180,139,103,67,97,119,52,54,63,58,49,55,57,51,49,19,40,22,58,35,33,14,27,23,16,28,18,7,52,19,35,18,5,13,6,37,17,14,29,39,0,26,0,10,11,44,25,13,17,21,24,7,16,15,19,14,16,0,6,11,5,12,11,12,14,8,9,17,17,10,19,4,23,20,15,14,10,25,7,18,9,13,28,7,6,4,0,6,13,16,14,0,14,5,14,19,0,5,22
2014/5/28,196,170,135,107,84,90,100,56,35,95,65,39,62,30,50,37,38,39,32,33,17,27,47,22,29,15,9,22,23,27,21,16,27,32,13,7,25,26,15,21,5,0,11,0,33,11,10,14,9,14,11,18,15,23,13,20,18,12,0,13,20,3,11,14,11,19,1,16,15,21,7,24,11,6,19,18,8,15,11,14,18,21,13,13,7,0,10,0,14,5,0,9,0,15,7,3,2,0,10,0
2014/5/29,130,147,180,110,82,63,106,37,41,82,79,49,60,65,40,28,20,27,37,54,29,36,20,31,29,15,23,15,23,48,5,15,42,19,10,19,29,20,4,19,38,0,15,0,25,16,11,14,26,15,14,12,5,19,8,22,25,18,0,18,2,22,12,16,9,23,15,18,23,18,14,17,5,9,15,11,7,11,19,1,10,8,13,15,6,0,0,0,6,18,0,7,0,16,7,22,14,0,7,27
2014/5/30,191,167,151,120,61,91,76,58,61,36,36,62,15,17,63,12,7,50,32,26,24,40,46,19,27,20,37,27,10,37,4,26,22,13,8,9,13,30,10,18,13,0,18,0,21,9,14,20,26,28,22,14,5,8,10,14,14,10,0,15,8,13,18,15,6,7,9,17,6,22,4,22,3,11,17,11,3,6,19,10,11,11,14,6,8,4,5,0,4,4,31,5,0,15,15,7,3,0,2,1
2014/5/31,144,174,139,142,63,77,82,51,56,59,35,34,34,31,42,8,23,31,26,36,38,26,17,18,20,21,23,28,16,34,10,9,25,19,57,16,14,16,8,21,10,0,10,0,20,14,7,17,14,11,15,15,9,7,9,12,11,4,0,13,10,8,9,6,5,10,21,11,6,14,12,22,15,27,12,4,10,21,17,13,11,9,15,15,7,5,3,0,6,15,2,13,0,29,9,15,4,0,8,0
2014/6/1,42,48,44,28,61,18,62,55,16,16,34,6,6,25,18,16,15,24,10,6,3,6,19,8,7,8,6,14,17,17,22,9,0,6,2,15,7,3,29,16,2,0,9,0,12,10,3,7,0,0,8,0,1,0,6,14,3,0,0,11,14,0,10,6,4,1,13,11,0,3,12,0,9,10,8,10,1,0,15,0,0,2,8,12,1,0,11,0,0,4,0,4,0,2,2,11,1,0,0,2
2014/6/2,0,1,0,0,49,0,96,0,0,2,3,0,2,5,0,0,12,0,4,1,2,0,0,14,0,0,0,0,0,0,0,0,0,0,0,14,6,0,0,0,14,0,0,0,4,5,0,0,1,0,1,0,0,0,0,3,0,0,0,0,2,2,0,0,0,0,0,0,0,0,0,0,2,0,7,1,0,0,17,0,0,0,4,0,3,0,0,0,3,0,0,1,0,0,0,0,0,0,0,0
2014/6/3,73,57,41,42,65,13,112,56,4,18,18,17,11,39,10,13,7,28,8,11,3,3,9,25,11,6,5,4,7,1,0,10,1,2,1,14,6,6,10,9,11,0,15,0,9,4,3,12,3,11,3,16,5,1,2,16,2,3,0,10,3,6,11,10,1,4,1,9,4,5,2,2,12,1,14,4,25,4,14,4,2,5,14,2,4,1,5,0,2,1,13,14,0,0,1,13,2,0,0,3
2014/6/4,215,130,152,96,107,65,126,76,25,49,55,45,54,30,50,35,25,46,40,19,30,31,14,15,33,4,21,30,22,22,6,14,12,24,18,14,18,3,7,18,10,0,11,0,32,11,12,13,24,15,3,10,21,30,17,16,21,15,0,15,5,5,9,10,4,17,5,17,7,9,9,21,4,7,23,8,2,3,23,7,17,28,9,7,5,4,4,0,14,7,2,14,0,6,6,3,9,0,7,0
2014/6/5,162,144,146,146,47,79,108,48,38,48,56,64,48,31,54,13,5,28,26,69,28,24,31,27,26,20,40,42,21,35,16,27,33,11,9,5,16,11,15,11,40,0,19,0,27,11,4,17,25,6,13,10,8,24,18,11,22,17,0,13,16,25,4,22,17,9,17,12,18,14,10,14,4,16,7,10,2,8,18,6,15,12,15,6,6,3,0,0,12,17,0,17,0,27,12,16,13,0,7,22
2014/6/6,193,183,153,124,42,100,106,74,47,50,33,59,45,17,53,2,6,42,23,23,11,38,47,25,40,20,26,29,18,36,17,28,9,20,10,15,32,18,8,15,13,0,21,0,20,3,12,21,18,8,19,10,7,7,9,36,17,10,0,12,13,16,18,16,8,9,16,14,4,9,15,15,3,19,8,12,5,1,17,10,18,11,21,4,5,16,0,0,4,20,20,10,0,14,10,1,10,0,13,0
2014/6/7,158,136,127,111,56,63,90,82,55,47,45,50,31,46,66,13,20,39,28,24,35,26,10,15,21,15,34,29,13,36,7,19,26,13,36,17,18,23,10,23,10,0,9,0,16,5,7,16,19,12,20,11,25,8,17,13,11,18,0,15,8,5,14,10,9,11,5,20,3,6,10,24,7,13,1,7,5,3,22,8,11,6,6,7,4,0,2,0,16,6,1,13,0,21,11,12,4,0,7,0
2014/6/8,68,51,55,48,25,37,54,42,25,23,24,14,23,18,39,9,9,28,13,7,10,4,9,11,22,8,3,8,11,12,4,10,8,12,1,12,0,9,6,19,1,0,8,0,2,0,0,4,3,0,5,3,7,2,9,12,1,0,0,12,2,20,4,9,4,0,9,6,3,15,3,9,6,9,11,4,3,0,8,2,2,1,13,2,1,4,5,0,0,4,0,4,0,0,10,9,3,0,0,0
2014/6/9,0,1,0,0,31,0,92,0,0,0,3,0,3,9,0,0,9,0,2,2,0,0,0,9,0,0,0,0,0,0,0,0,0,0,0,9,7,0,0,0,19,0,0,0,0,1,0,0,3,0,1,0,4,1,0,0,0,0,0,0,0,0,0,0,0,0,0,0,4,0,2,0,8,0,10,1,0,0,9,1,0,0,0,1,4,0,0,0,3,0,0,0,0,0,0,1,0,0,0,0
2014/6/10,140,174,146,111,89,71,118,69,45,40,62,39,21,49,61,43,18,29,19,50,14,43,17,34,17,9,17,30,15,42,14,19,5,8,12,13,27,15,16,17,30,0,17,0,33,10,35,12,6,35,18,20,8,14,16,23,26,20,0,21,13,9,18,11,9,7,10,17,18,8,15,6,13,9,15,12,6,16,45,11,13,25,19,15,13,6,1,2,6,13,22,11,0,12,14,9,10,0,10,22
2014/6/11,170,132,167,101,53,63,108,72,59,60,38,28,39,25,65,34,22,37,11,19,21,28,17,11,22,8,23,22,15,18,12,21,30,9,13,17,11,8,10,5,4,0,13,0,13,25,19,10,6,20,5,28,20,18,15,12,29,14,0,10,9,8,9,22,5,20,9,15,8,9,7,35,2,5,14,3,4,16,29,4,19,8,8,15,11,5,0,0,8,5,0,4,0,9,6,4,5,0,1,0
2014/6/12,100,197,169,146,74,74,137,60,76,66,36,65,51,33,45,18,18,29,21,36,15,44,13,27,29,27,22,17,17,15,14,18,27,15,15,17,43,22,7,23,30,0,11,0,36,11,10,14,22,16,6,20,8,27,11,13,22,24,0,30,21,18,3,24,2,25,10,16,29,18,6,16,10,23,26,6,12,7,36,8,17,21,9,3,5,0,0,1,8,9,0,3,0,44,6,15,2,0,10,22
2014/6/13,211,187,117,135,40,69,86,65,60,20,25,43,26,27,49,17,12,51,25,19,20,39,32,29,32,25,23,36,12,16,15,24,12,7,10,27,18,20,5,33,5,0,21,0,9,13,8,12,18,21,49,13,2,10,14,24,16,16,0,13,12,29,7,7,12,7,15,10,1,7,6,20,3,24,17,6,7,2,27,14,8,4,14,8,13,6,4,0,4,9,23,16,0,14,5,3,7,0,6,1
2014/6/14,170,109,120,138,80,63,68,59,61,50,51,52,47,43,37,13,33,23,22,12,20,25,13,13,21,12,24,24,12,10,8,15,34,8,50,14,12,16,5,21,12,0,7,0,33,6,9,15,16,15,14,10,15,6,15,17,12,7,0,15,19,10,3,13,15,14,7,15,0,17,7,15,10,8,18,5,6,13,13,10,7,16,13,7,8,6,2,0,12,5,7,6,0,19,5,3,2,0,4,0
2014/6/15,64,49,50,36,31,20,30,51,17,12,24,17,16,43,29,30,29,12,20,6,8,8,15,25,13,13,1,12,9,0,16,3,2,8,2,10,3,6,8,9,1,0,4,0,3,8,0,5,5,5,26,1,6,1,7,3,2,3,0,12,5,0,4,12,1,0,9,4,2,3,1,3,9,9,8,7,10,3,7,0,1,4,4,14,5,1,3,0,2,5,0,8,0,0,4,11,1,0,0,2
2014/6/16,1,0,1,0,34,0,68,0,0,0,2,0,3,2,0,0,23,0,4,1,0,0,0,9,0,0,0,0,0,0,0,0,0,0,0,23,6,0,0,0,11,0,0,0,0,7,1,0,0,0,0,0,1,0,0,0,0,0,0,0,1,1,0,0,0,0,0,0,5,0,2,0,3,0,11,0,0,0,7,0,0,0,0,1,3,0,0,0,1,0,0,0,0,0,0,3,0,0,0,0
2014/6/17,174,167,135,114,58,75,118,64,52,44,34,28,35,74,43,42,33,38,47,20,37,32,24,29,29,31,21,41,15,38,18,21,19,18,18,15,10,17,8,33,27,0,15,0,23,17,29,13,11,13,22,12,7,20,12,28,20,30,0,17,16,7,15,12,20,20,17,7,13,15,12,3,9,15,19,13,4,11,23,6,11,12,15,14,16,10,6,0,5,17,28,11,0,20,16,10,23,0,7,16
2014/6/18,231,138,106,122,70,68,66,49,42,51,50,28,31,17,49,32,40,37,29,39,21,32,36,14,28,11,20,37,15,22,16,20,35,19,14,11,14,8,8,2,7,0,7,0,29,17,14,24,22,12,8,13,26,22,19,13,17,20,0,10,14,4,14,19,7,18,8,13,12,23,8,29,6,19,8,6,9,15,15,13,12,19,11,6,5,1,0,0,5,6,0,8,0,17,7,0,6,0,17,0
2014/6/19,93,159,143,165,45,67,101,54,64,61,58,62,39,50,48,17,25,20,36,36,20,35,17,20,27,22,17,31,19,17,18,11,30,25,14,20,36,14,10,16,20,0,10,0,17,26,5,22,17,11,14,8,3,21,6,24,14,14,0,8,19,32,4,16,4,12,10,12,20,12,9,10,13,26,25,4,2,12,17,5,17,3,15,14,11,0,0,0,6,5,0,9,0,29,4,20,10,0,8,21
2014/6/20,161,155,129,136,60,75,79,48,72,52,49,28,52,23,44,8,25,15,21,29,19,32,25,26,38,18,25,33,17,17,6,19,15,21,10,14,19,12,7,16,16,0,8,0,20,14,5,13,18,22,22,16,4,13,17,8,8,24,0,2,23,18,6,13,11,14,8,7,6,10,3,9,12,25,8,10,7,4,19,9,9,20,16,6,6,4,0,0,5,14,19,7,0,12,9,3,6,0,12,3
2014/6/21,191,153,128,120,47,68,81,52,51,47,69,59,36,25,55,9,26,21,31,16,37,31,34,16,31,11,25,30,16,33,4,20,19,25,63,12,8,6,9,25,2,0,10,0,13,23,11,17,13,14,14,7,16,7,15,19,10,13,0,9,6,6,20,12,12,7,7,7,11,9,8,11,11,16,18,3,1,17,8,15,12,11,19,5,8,3,5,0,5,5,1,8,0,8,7,12,4,0,2,0
2014/6/22,94,37,58,39,26,29,54,54,17,14,21,15,19,15,14,9,6,28,12,10,10,14,4,5,7,1,7,7,24,26,18,9,7,3,0,23,0,4,15,17,2,0,15,0,17,3,1,9,10,0,7,1,6,0,13,9,0,1,0,8,2,2,11,15,1,10,9,9,2,6,10,2,8,7,4,2,0,1,6,0,3,0,17,2,12,0,22,0,2,2,0,3,0,1,1,11,0,0,0,2
2014/6/23,3,0,0,0,29,0,62,1,0,1,1,0,0,1,0,0,31,1,1,2,0,0,0,6,0,0,0,0,0,0,0,0,0,0,0,20,8,0,0,0,14,0,0,0,1,20,0,0,1,0,0,0,1,0,0,1,0,0,0,0,1,1,0,0,0,0,0,0,5,0,0,0,0,0,6,2,0,2,7,0,0,0,0,0,0,0,0,0,0,0,0,0,0,0,0,0,0,0,0,0
2014/6/24,165,151,132,108,63,55,106,59,43,47,26,29,20,55,45,34,35,55,32,46,26,29,16,16,36,18,21,18,8,17,14,32,12,21,21,19,14,7,1,31,24,0,15,0,30,10,49,19,12,18,31,14,0,21,16,24,16,42,0,14,23,14,15,16,9,15,9,4,14,10,3,8,5,9,10,6,6,8,25,9,27,27,15,10,22,2,6,3,4,17,15,14,0,20,6,10,8,0,7,16
2014/6/25,184,137,91,89,55,82,67,65,73,61,32,25,54,30,32,23,46,39,21,40,28,21,46,30,33,3,11,25,8,37,7,22,28,19,6,21,9,6,0,7,5,0,12,0,11,15,12,14,15,15,12,20,20,21,2,23,22,27,0,9,10,3,5,7,6,10,10,20,14,12,16,28,6,10,18,3,11,10,13,19,27,4,9,9,10,5,0,0,14,5,13,8,0,7,4,9,0,0,3,0
2014/6/26,129,163,153,148,64,85,59,44,43,61,44,36,40,51,54,23,25,30,27,31,15,35,17,19,43,9,29,20,35,10,24,20,24,14,18,19,18,8,13,12,8,0,9,0,34,9,4,18,29,10,8,8,11,17,12,14,14,22,0,9,13,33,2,17,8,12,16,6,15,7,15,22,6,8,6,10,6,7,14,2,5,22,16,6,10,0,1,0,6,8,0,7,0,22,6,12,12,0,18,30
2014/6/27,138,137,124,117,69,54,93,50,71,25,33,40,21,20,50,18,26,26,20,25,23,19,24,17,28,21,21,22,16,25,17,18,10,16,8,38,15,4,12,8,24,0,19,0,7,11,15,21,26,19,29,15,8,10,13,25,17,8,0,15,7,12,7,12,16,4,4,8,2,11,9,11,13,5,2,16,12,1,18,4,5,3,17,9,22,12,0,0,3,5,1,1,0,13,7,6,6,0,4,0
2014/6/28,151,124,101,99,96,82,92,55,34,57,37,23,34,36,31,8,36,25,11,25,15,48,27,28,16,32,28,21,13,25,6,17,24,14,56,24,21,7,11,22,4,0,7,0,26,8,18,13,13,16,13,8,19,12,15,24,9,17,0,13,17,3,4,5,4,5,3,7,7,10,6,16,8,17,8,4,5,19,9,15,6,33,16,8,4,1,1,2,8,8,1,6,0,17,8,4,1,0,18,0
2014/6/29,52,52,35,37,31,37,63,40,15,4,19,11,6,39,14,32,29,22,10,5,4,6,13,8,9,8,8,12,29,4,17,3,2,10,1,25,4,8,16,10,1,0,10,0,7,13,1,11,5,10,10,2,4,0,10,7,2,6,0,5,9,3,7,3,2,1,13,5,1,6,4,3,13,10,6,14,0,3,6,4,1,2,12,4,11,1,7,0,0,3,0,4,0,7,8,14,1,0,0,2
2014/6/30,0,0,4,0,31,0,43,0,0,7,6,0,4,3,0,0,24,0,3,1,1,0,0,11,0,0,0,0,0,0,0,0,2,0,0,26,3,0,0,0,4,0,0,0,1,9,0,0,2,0,0,0,0,0,0,1,0,1,0,0,2,0,2,0,0,1,0,0,3,0,0,0,6,0,16,2,0,0,11,1,0,0,0,0,7,0,0,0,7,0,0,0,0,0,0,2,0,0,0,0
2014/7/1,182,125,113,121,67,48,149,53,66,42,67,30,34,68,49,74,46,41,34,46,37,22,32,20,32,27,25,35,14,31,21,25,12,25,23,37,45,20,7,21,26,0,23,0,11,20,32,12,5,24,16,21,12,13,8,30,15,20,0,13,14,7,17,10,17,6,16,12,8,12,7,9,1,9,17,16,12,14,19,2,17,4,21,6,8,6,2,0,8,10,26,11,0,26,6,10,9,0,5,22
2014/7/2,197,116,154,103,84,58,100,72,49,65,49,38,48,18,49,21,28,49,28,16,36,39,31,14,24,5,16,31,15,24,11,13,29,21,7,24,8,22,12,13,1,0,21,0,8,12,11,23,12,13,7,14,32,20,8,20,21,22,0,14,9,2,14,15,8,15,5,13,9,5,14,18,9,11,20,4,4,17,21,9,33,3,10,3,5,1,2,1,8,3,0,10,0,11,12,1,1,0,5,3
2014/7/3,206,124,132,165,53,46,105,65,80,38,53,66,43,35,48,56,36,30,24,47,21,27,23,19,32,9,23,20,18,31,10,27,31,21,13,22,19,16,8,16,37,0,11,0,16,16,8,30,25,14,15,11,6,21,7,9,16,23,0,16,31,35,3,20,14,11,14,16,19,9,3,16,3,13,12,5,4,5,14,6,7,3,13,6,5,0,0,0,5,6,1,4,0,23,5,7,2,0,12,28
2014/7/4,174,104,96,123,88,93,88,69,49,25,31,62,65,35,55,28,46,43,39,23,17,29,18,21,37,22,26,26,9,23,9,29,4,12,4,33,26,21,8,9,26,0,17,0,26,19,19,17,20,12,20,13,10,8,20,12,32,19,0,3,11,20,5,14,12,9,4,19,4,11,21,14,12,16,19,14,15,4,23,8,6,15,7,5,18,6,0,0,4,12,16,9,0,20,9,3,6,0,14,0
2014/7/5,147,137,105,172,54,70,81,77,66,51,59,52,45,47,47,32,37,36,19,24,31,38,35,31,24,7,38,27,13,28,10,27,20,28,62,7,5,7,12,22,3,0,16,0,11,16,7,19,10,7,19,9,20,9,15,16,17,9,0,18,14,6,7,20,12,9,7,10,7,7,13,12,22,17,11,9,10,19,26,9,7,5,8,10,9,1,6,0,12,5,3,11,0,25,7,7,3,0,13,0
2014/7/6,60,45,37,31,47,24,75,59,15,17,27,6,13,20,13,20,25,31,22,4,12,13,13,8,11,6,6,8,21,12,8,12,3,13,0,24,7,2,6,16,5,0,9,0,0,11,1,11,18,1,9,2,7,2,6,7,0,2,0,6,4,2,7,4,3,0,10,6,3,8,0,9,12,18,11,4,0,0,4,1,3,1,14,5,5,1,9,0,6,6,0,4,0,4,9,7,6,0,0,1
2014/7/7,0,0,0,0,30,0,60,3,0,4,0,0,1,0,0,0,15,1,1,1,1,0,0,8,0,0,0,0,0,0,0,0,0,0,0,3,4,0,0,0,10,0,0,0,0,8,1,0,0,0,0,0,0,0,0,7,0,0,0,0,0,0,0,0,0,1,0,0,1,0,0,0,3,1,5,0,0,1,7,0,0,0,5,0,1,0,0,0,0,0,0,0,0,0,0,0,0,0,0,0
2014/7/8,179,137,133,133,59,52,112,74,39,45,31,30,34,69,33,81,15,30,27,52,14,27,10,13,22,34,28,21,11,48,9,25,12,20,18,23,21,17,10,29,12,0,13,0,26,23,20,20,9,16,33,23,5,17,8,19,20,37,0,19,12,8,10,8,7,9,7,10,25,11,7,2,21,15,6,4,11,5,15,7,22,26,13,15,6,3,5,0,9,17,10,20,0,11,15,10,12,0,11,14
2014/7/9,215,129,114,101,48,43,67,65,43,40,52,20,30,11,44,74,36,27,23,28,24,35,33,17,27,7,20,18,13,59,8,28,24,27,6,16,10,18,15,14,3,0,23,0,8,27,9,17,18,28,9,16,36,20,8,13,24,25,0,9,17,7,5,12,9,24,1,17,5,14,14,27,11,2,0,15,10,9,6,6,28,3,14,9,13,1,4,0,7,6,0,6,0,18,13,15,1,0,7,0
2014/7/10,126,133,128,160,53,90,97,66,59,60,46,81,39,45,37,52,28,31,33,39,29,31,12,14,33,18,22,23,2,33,8,19,23,28,19,11,41,28,0,15,21,0,9,0,28,14,4,18,9,17,10,8,11,31,4,12,11,14,0,8,27,20,2,12,9,19,14,15,20,5,13,14,8,23,6,7,15,3,11,9,12,18,7,5,7,0,1,1,11,6,0,7,0,24,7,8,8,0,11,21
2014/7/11,175,114,126,119,39,80,77,55,43,40,48,54,42,28,30,25,32,20,40,12,25,20,24,18,24,29,17,26,7,39,9,16,9,19,6,17,30,12,2,9,21,0,17,0,12,13,8,20,45,8,19,16,7,6,7,16,11,7,0,11,16,8,14,6,20,4,14,7,4,12,2,10,3,25,5,11,11,3,18,9,12,3,28,5,9,10,1,0,16,13,24,12,0,16,5,14,8,0,8,0
2014/7/12,146,123,91,125,61,68,67,59,46,51,41,34,31,44,32,49,54,30,39,24,12,36,10,23,18,13,15,9,18,30,6,13,26,18,61,21,25,3,11,20,0,0,18,0,20,19,5,12,21,10,16,9,22,6,20,22,14,15,0,6,21,5,7,13,8,7,8,11,10,12,12,23,15,12,15,3,9,10,4,15,11,20,7,17,16,0,3,0,7,7,1,3,0,12,14,1,6,0,13,0
2014/7/13,69,32,48,27,38,31,65,59,18,10,28,10,19,11,10,15,10,15,16,5,5,4,16,7,15,3,4,12,16,18,15,4,0,12,2,38,1,4,7,19,3,0,8,0,2,9,4,3,6,7,7,0,7,3,8,6,2,0,0,4,4,20,8,4,3,1,8,1,2,0,6,4,9,6,8,4,0,0,1,2,5,5,10,4,2,1,1,0,1,3,0,5,0,3,1,10,3,0,0,0
2014/7/14,2,1,0,0,48,0,84,0,0,0,2,0,2,6,0,0,22,0,7,1,2,0,0,16,0,0,0,0,0,0,0,0,0,0,0,15,5,0,0,0,7,0,0,0,0,18,0,0,1,0,0,0,0,0,0,4,0,0,0,0,0,0,0,0,0,0,0,0,5,0,0,0,10,0,10,1,0,1,5,0,2,0,0,0,3,0,0,0,0,0,0,0,0,0,0,1,0,0,0,0
2014/7/15,154,129,81,113,40,44,60,84,55,27,59,39,30,95,19,81,34,32,27,43,33,20,29,14,39,24,12,33,7,41,15,26,6,24,20,7,25,17,16,34,6,0,37,0,19,13,36,25,7,18,13,36,10,18,16,25,26,24,0,31,24,2,7,17,5,9,17,6,20,4,17,10,8,9,7,22,7,10,12,1,11,4,13,12,14,0,10,2,5,10,17,8,0,27,16,18,11,0,5,10
2014/7/16,222,98,115,97,53,82,81,56,39,49,50,37,58,18,60,33,11,43,41,25,22,20,15,8,27,17,10,18,14,33,13,21,24,15,10,14,8,4,16,2,8,0,23,0,27,6,20,21,16,26,11,32,34,17,8,17,23,28,0,18,13,3,8,5,1,11,6,16,10,7,12,15,14,9,8,6,7,9,4,9,17,14,17,9,16,2,0,0,7,6,3,2,0,30,6,0,2,0,7,0
2014/7/17,100,138,115,164,42,55,72,43,49,65,48,71,51,48,39,52,22,34,39,44,28,29,28,12,40,9,21,28,7,39,12,17,27,15,12,23,17,20,9,14,24,0,18,0,18,23,12,24,30,11,4,12,10,12,10,17,15,17,0,14,9,7,0,18,2,11,12,10,18,11,7,14,8,14,11,8,6,5,6,5,19,4,14,4,6,0,5,0,6,6,0,4,0,27,10,15,11,0,7,25
2014/7/18,158,125,119,80,30,67,40,55,44,40,27,56,37,7,34,32,19,41,37,10,41,26,13,6,28,14,20,18,11,45,14,14,14,16,4,7,7,10,4,18,6,0,23,0,16,18,14,24,26,10,16,17,6,6,12,18,12,11,0,18,7,18,15,13,5,13,7,16,2,6,10,10,8,11,6,11,6,5,4,6,12,8,11,10,10,5,3,0,10,5,18,1,0,16,9,4,2,0,13,1
2014/7/19,134,152,108,135,78,50,47,57,62,32,40,51,24,44,71,38,29,42,30,26,17,33,20,18,22,21,27,19,13,32,15,12,11,19,47,12,10,3,12,12,1,0,14,0,22,21,5,20,23,6,20,6,15,9,19,9,9,10,0,19,14,4,12,9,4,8,5,18,6,15,6,19,1,11,4,9,2,16,10,2,10,33,23,12,3,4,5,0,9,6,0,8,0,15,7,1,5,0,15,0
2014/7/20,62,43,45,34,42,19,25,60,18,20,12,16,13,49,11,34,30,12,13,4,14,2,5,13,7,1,5,4,3,12,13,4,1,6,0,12,2,2,9,27,0,0,11,0,6,7,0,8,0,1,9,0,11,0,5,16,1,1,0,13,6,1,8,7,0,3,9,10,1,11,7,0,12,10,9,4,0,5,2,1,5,1,10,4,1,2,16,0,1,6,0,4,0,0,2,2,6,0,0,3
2014/7/21,0,1,0,0,18,0,67,2,0,2,4,0,2,3,0,0,16,0,4,1,0,0,0,12,0,0,0,0,0,0,0,0,0,0,0,5,9,0,0,0,8,0,0,0,1,13,0,0,8,0,0,0,0,0,0,2,0,0,0,0,1,0,0,0,0,0,0,0,3,0,0,0,7,0,10,0,0,0,5,0,0,0,1,0,9,1,0,0,1,0,0,0,0,0,0,3,0,0,0,0
2014/7/22,171,132,104,154,56,45,79,56,47,26,37,21,20,81,41,86,29,34,24,45,32,39,6,19,27,18,13,27,13,42,18,30,10,11,21,18,26,19,11,33,16,0,22,0,17,12,38,19,11,25,10,32,11,20,12,18,17,20,0,13,19,9,16,7,8,9,6,13,16,8,19,7,8,4,8,13,12,7,2,11,25,22,9,12,14,3,0,0,5,6,18,13,0,27,7,5,17,0,8,19
2014/7/23,266,153,98,87,37,62,56,56,34,45,24,20,41,30,55,64,26,48,17,15,15,32,32,16,28,16,5,11,17,39,10,15,27,17,15,5,3,11,12,2,8,0,26,0,3,10,19,11,21,13,9,9,38,12,6,14,16,17,0,20,6,3,4,5,3,19,11,14,5,4,6,23,18,3,11,3,14,17,8,7,23,3,18,3,2,14,0,0,6,4,0,6,0,15,5,2,8,0,2,1
2014/7/24,67,156,109,126,40,71,59,46,63,43,26,59,27,37,36,45,11,24,9,40,40,9,26,12,34,3,14,12,8,29,8,12,16,16,7,13,25,22,4,31,26,0,16,0,11,7,9,19,17,14,5,5,7,21,7,17,19,11,0,19,14,20,7,16,8,12,9,10,31,9,6,7,8,22,8,1,8,14,6,4,14,11,5,4,14,0,5,0,3,3,0,8,0,24,16,4,2,0,0,26
2014/7/25,165,133,102,95,38,45,25,59,38,36,21,44,16,27,51,22,27,35,18,16,34,32,27,8,23,23,21,20,10,18,6,28,3,16,5,19,13,8,5,7,9,0,17,0,16,11,12,21,23,7,15,15,9,5,10,23,14,15,0,9,9,13,9,14,6,8,9,12,5,3,8,15,11,5,8,4,6,2,6,6,7,8,16,1,9,8,0,0,0,6,21,2,0,11,16,4,6,0,0,1
2014/7/26,148,105,75,89,30,69,31,73,36,41,43,32,22,32,29,53,28,37,38,15,38,17,27,15,14,5,7,18,20,25,12,10,11,11,40,7,10,9,10,17,1,0,17,0,11,4,6,23,12,3,20,6,24,19,14,18,9,5,0,19,34,2,12,16,7,9,16,12,3,8,4,20,3,14,4,5,19,7,3,11,7,7,17,2,3,0,7,0,7,7,1,9,0,10,5,6,2,0,1,0
2014/7/27,72,49,19,25,36,21,28,61,15,12,27,18,16,8,7,12,25,6,14,7,8,12,14,13,17,1,6,14,2,16,4,13,3,7,1,11,4,12,5,12,0,0,7,0,8,22,0,7,0,13,8,7,8,2,1,9,1,1,0,8,8,8,18,6,8,6,15,6,0,4,0,0,9,9,0,7,13,6,6,5,0,0,15,5,7,4,6,0,2,2,0,1,0,2,2,5,0,0,0,2
2014/7/28,0,1,0,0,33,0,34,1,1,1,1,0,2,2,0,0,25,0,0,1,0,0,0,5,0,0,1,0,0,0,0,0,0,0,0,6,5,0,0,0,6,0,0,0,0,13,1,0,3,0,0,0,0,0,0,2,0,0,0,0,1,0,0,0,0,0,0,0,0,0,1,0,5,0,8,0,0,0,7,0,0,0,0,0,6,0,0,0,1,0,0,0,0,0,0,0,1,0,0,0
2014/7/29,162,127,102,82,60,66,55,67,36,33,68,24,64,71,25,91,10,46,37,32,29,36,28,17,26,18,20,38,11,38,6,20,13,15,5,17,20,36,5,25,31,0,22,0,8,12,20,21,7,26,15,20,14,13,9,20,9,22,0,12,9,4,11,9,5,6,11,19,17,13,4,2,24,3,12,8,11,5,5,2,17,1,19,7,8,3,2,1,12,15,15,12,0,13,9,12,13,0,10,17
2014/7/30,264,107,78,78,59,66,48,52,41,36,35,37,35,21,32,41,29,29,10,13,9,34,12,9,25,13,5,12,23,34,20,20,26,15,9,12,9,8,10,17,8,0,27,0,28,13,13,28,21,20,10,15,27,22,14,21,16,26,0,5,12,9,4,8,2,27,8,13,5,10,7,10,28,9,10,10,10,6,2,2,13,22,17,6,15,5,5,0,2,5,1,14,0,24,7,8,1,0,13,1
2014/7/31,138,99,119,112,36,57,79,49,58,38,23,85,54,49,30,54,29,36,24,33,38,29,8,12,26,8,19,16,23,27,24,21,18,19,5,8,26,23,22,13,26,0,20,0,17,24,7,12,25,16,6,20,11,19,10,18,12,17,0,10,11,39,3,7,1,13,17,13,21,6,7,11,10,10,9,6,22,7,2,3,13,5,14,6,4,0,1,1,5,6,0,12,0,20,3,7,8,0,6,20
2014/8/1,143,78,68,48,50,59,59,60,28,37,38,27,37,23,36,34,10,29,19,16,23,20,4,16,31,12,15,15,15,21,21,27,6,6,0,31,23,25,21,21,5,0,13,0,21,7,8,12,23,19,17,18,2,6,11,5,11,14,0,6,19,11,12,7,13,5,7,9,7,10,3,12,9,6,7,9,16,2,2,10,3,15,7,3,5,0,4,0,2,9,16,13,0,8,15,1,4,0,13,0
2014/8/2,116,128,67,73,37,60,25,67,44,37,31,18,26,37,58,32,38,18,9,12,37,21,16,8,10,5,9,24,24,25,8,11,24,10,1,11,6,12,18,13,6,0,22,0,16,29,8,14,20,9,9,9,33,5,10,12,16,13,0,19,6,3,5,11,18,6,6,11,0,9,13,9,10,12,10,5,11,16,1,4,7,4,9,16,8,3,2,0,8,4,1,7,0,8,9,20,1,0,3,0
2014/8/3,74,49,42,46,22,21,25,69,11,20,20,6,11,28,17,23,27,18,12,8,12,3,8,5,3,4,9,6,25,4,22,4,7,4,0,7,1,1,14,13,1,0,29,0,4,14,0,22,0,4,6,2,6,0,13,7,0,1,0,9,6,0,11,5,1,0,9,13,0,6,10,2,14,9,8,8,3,0,3,2,1,2,4,2,3,0,3,0,1,1,0,8,0,0,0,16,6,0,0,3
2014/8/4,0,0,3,0,25,1,41,0,0,2,0,0,0,1,0,0,28,0,1,0,0,0,0,7,0,0,0,0,0,0,0,0,0,0,0,2,3,0,0,0,3,0,0,0,0,13,0,0,0,0,0,0,0,0,0,0,0,0,0,0,0,0,1,0,0,0,0,0,5,0,0,0,2,0,5,0,0,0,5,1,0,0,0,0,1,0,0,0,0,0,0,0,0,0,0,0,0,0,0,0
2014/8/5,175,119,112,94,67,65,57,92,42,21,19,20,17,57,59,77,32,33,17,20,19,29,10,7,35,24,19,21,34,33,26,13,4,20,28,6,20,16,20,14,30,0,30,0,24,13,13,21,18,22,13,17,5,9,22,14,23,19,0,12,10,9,18,9,4,11,12,8,21,13,14,8,19,4,9,6,10,13,4,4,14,15,14,9,1,1,2,2,7,8,11,14,0,14,10,6,16,0,13,1
2014/8/6,262,122,224,66,35,97,55,90,38,51,26,25,20,22,37,57,28,29,38,19,32,22,27,10,36,3,8,25,17,28,13,13,27,12,18,16,23,12,15,8,10,0,22,0,16,18,9,16,18,15,15,14,30,12,12,12,20,25,0,15,6,5,4,6,9,13,2,11,3,10,9,18,11,8,11,10,13,16,2,16,18,7,14,18,5,5,8,0,11,7,0,4,0,28,12,2,4,0,9,0
2014/8/7,115,102,120,74,42,61,67,65,47,43,25,22,28,49,36,52,25,22,23,22,12,26,17,18,25,22,24,18,21,16,12,17,22,18,17,21,41,23,23,18,20,0,18,0,32,9,10,6,19,18,4,19,10,20,16,13,8,16,0,8,11,34,1,5,1,8,7,14,29,6,8,12,12,8,16,3,7,12,16,6,9,11,7,7,11,0,2,1,8,10,0,7,0,13,3,2,6,0,6,2
2014/8/8,188,110,111,90,25,58,38,59,47,47,38,35,29,10,21,26,14,40,20,7,32,35,32,4,18,15,21,27,6,34,4,12,5,20,9,2,14,12,12,26,10,0,19,0,6,11,7,20,15,15,22,18,3,8,15,15,20,12,0,9,5,15,10,4,10,6,16,18,3,10,8,8,4,4,3,5,20,3,0,9,5,8,11,3,3,1,10,0,5,4,18,8,0,5,8,8,3,0,9,0
2014/8/9,141,125,128,98,58,85,37,46,44,35,37,24,32,29,33,23,5,13,20,11,21,27,17,10,20,11,22,12,24,19,5,17,15,17,63,15,7,24,17,20,1,0,17,0,20,4,4,8,15,18,11,8,15,10,17,11,10,16,0,14,7,4,11,7,6,12,12,12,2,7,18,13,5,19,7,5,10,18,1,20,2,19,6,21,1,2,0,0,9,7,0,8,0,13,3,0,1,0,8,0
2014/8/10,73,56,44,26,29,32,23,55,26,16,34,15,16,28,32,7,28,6,5,1,2,16,25,11,25,5,0,18,23,7,6,12,3,15,0,6,2,4,17,15,3,0,7,0,5,9,2,5,18,0,2,0,4,0,6,7,2,1,0,9,11,3,7,17,0,0,15,8,1,0,10,9,1,12,5,6,0,4,2,5,4,5,4,13,3,2,8,0,3,12,0,6,0,1,5,0,1,0,0,1
2014/8/11,0,4,3,1,14,0,33,0,0,3,0,0,0,3,0,0,21,0,1,2,0,0,1,17,0,0,0,0,0,0,0,0,0,0,0,1,8,0,0,0,3,0,0,0,1,11,1,0,9,0,2,0,0,1,0,0,0,0,0,0,4,0,0,0,1,0,0,0,10,0,0,0,11,0,5,0,0,0,0,0,0,0,1,1,0,0,0,0,0,0,0,1,0,0,0,0,0,0,0,0
2014/8/12,233,152,125,119,32,66,55,68,45,64,56,24,60,36,42,109,19,35,20,28,30,30,17,10,28,14,13,27,32,30,11,20,17,25,19,5,20,23,14,35,8,0,26,0,6,17,44,19,10,19,7,9,7,20,11,16,21,32,0,19,22,7,16,9,8,9,13,8,19,8,9,6,20,5,5,17,28,5,3,5,15,6,15,15,9,0,3,0,11,3,14,5,0,16,5,3,22,0,2,17
2014/8/13,276,133,110,98,54,69,23,50,35,86,64,16,51,23,56,80,15,31,21,14,15,34,47,19,25,3,19,31,31,18,22,17,39,19,15,8,15,16,14,2,6,0,25,0,20,31,15,19,29,12,14,6,40,15,14,17,18,23,0,17,12,5,11,13,6,12,9,7,6,7,10,12,20,16,6,5,13,17,2,6,17,15,16,2,3,5,0,0,8,6,0,9,0,26,9,3,5,0,3,0
2014/8/14,153,132,133,156,22,66,49,60,77,42,29,77,55,34,26,43,18,16,21,24,28,24,20,14,39,18,14,29,29,28,16,32,34,17,29,5,45,33,9,16,22,0,21,0,19,19,5,6,9,13,11,14,7,12,10,26,21,27,0,17,8,37,1,11,4,14,14,15,12,4,1,8,16,17,9,2,6,8,3,3,13,1,6,3,16,1,0,0,14,10,0,5,0,32,21,9,11,0,8,28
2014/8/15,227,131,143,135,24,88,46,68,63,52,42,39,48,21,28,22,24,27,17,23,18,31,16,10,21,14,30,15,22,24,15,30,16,16,7,2,21,15,12,10,3,0,37,0,27,9,10,13,10,11,13,18,5,14,24,21,20,17,0,16,4,7,12,14,7,5,10,17,7,12,9,6,6,15,7,7,10,2,1,7,9,9,12,3,3,5,0,0,16,8,0,11,0,10,10,1,9,0,3,0
2014/8/16,183,116,112,121,21,82,48,71,48,37,38,36,26,29,62,36,22,22,37,31,31,23,41,9,21,8,32,29,34,21,19,20,14,31,60,4,14,23,13,35,4,0,12,0,16,20,6,16,14,14,16,6,28,8,7,13,6,6,0,23,10,12,8,13,9,5,8,26,1,9,8,20,5,17,6,10,4,3,2,16,16,8,7,9,9,3,0,0,8,13,0,10,0,18,12,4,6,0,9,1
2014/8/17,87,61,48,25,10,49,30,59,11,7,14,14,10,15,7,22,4,19,2,1,10,6,9,4,7,3,7,2,25,7,18,9,4,4,1,9,3,1,13,15,0,0,12,0,0,0,0,12,2,1,9,6,4,2,5,6,0,6,0,10,16,22,17,2,0,7,5,5,7,3,0,2,9,3,9,2,17,0,1,5,5,1,5,8,1,1,6,0,2,3,0,8,0,0,3,1,0,0,0,3
2014/8/18,0,0,1,3,27,0,42,0,0,0,0,0,2,4,0,0,16,0,4,1,1,0,0,6,0,0,1,0,0,0,0,0,0,0,0,4,13,0,0,0,6,0,0,0,0,2,1,0,2,0,0,0,0,0,0,1,0,0,0,0,3,0,0,0,0,0,0,0,3,0,0,0,8,0,2,1,0,0,1,1,0,0,0,0,0,1,0,0,0,0,0,0,0,0,0,0,0,0,0,0
2014/8/19,206,178,154,144,58,75,50,69,47,49,34,35,18,67,25,108,17,34,50,35,27,48,8,14,25,25,28,22,40,29,25,28,8,17,32,4,22,9,10,22,16,0,21,0,23,30,35,12,16,17,8,13,5,34,19,22,19,33,0,14,16,5,21,15,10,28,6,11,26,7,14,9,8,9,4,15,17,13,7,1,20,20,16,5,12,2,1,0,8,12,0,7,0,8,12,4,11,0,3,20
2014/8/20,266,151,87,127,55,68,52,41,42,52,61,37,66,27,33,72,23,26,22,18,42,39,34,10,27,1,20,23,24,25,23,24,40,20,15,5,13,28,8,15,3,0,42,0,7,18,13,9,24,12,14,13,45,25,15,18,23,34,0,13,4,7,13,10,14,18,3,11,3,9,7,14,5,7,2,9,10,13,2,12,16,1,6,9,10,0,7,0,7,5,0,4,0,5,9,4,4,0,11,0
2014/8/21,193,151,150,142,64,80,55,69,79,54,42,82,50,49,47,64,36,28,38,51,29,38,26,7,27,17,39,19,25,28,26,16,35,34,12,9,27,33,13,22,28,0,17,0,29,17,1,9,32,7,9,10,13,31,15,11,16,13,0,17,22,29,3,9,9,18,7,13,29,11,8,35,9,23,4,8,5,2,6,4,9,18,7,1,3,2,8,0,6,8,0,4,0,21,11,0,15,0,8,28
2014/8/22,148,127,141,94,37,57,44,61,43,38,71,54,39,23,36,41,16,21,34,21,22,33,43,13,34,22,22,30,18,17,21,20,15,20,8,12,12,7,16,35,5,0,25,0,3,23,8,14,16,9,30,18,13,9,15,16,12,9,0,20,4,15,17,10,7,2,13,13,1,16,2,17,5,13,11,14,8,4,2,12,5,9,9,8,4,9,16,0,3,8,0,9,0,9,10,9,14,0,10,35
2014/8/23,195,166,125,129,56,77,63,55,40,46,39,39,31,64,61,53,37,30,18,30,25,41,16,9,24,17,45,20,28,29,23,37,9,19,60,16,7,2,6,24,6,0,21,0,26,20,11,2,12,7,12,15,27,15,10,11,4,8,0,19,13,10,9,6,9,6,9,8,1,16,5,23,5,21,16,5,3,8,2,12,14,27,13,9,5,4,4,0,11,7,0,1,0,9,10,2,1,0,17,0
2014/8/24,56,54,46,42,28,36,39,53,14,15,22,24,15,23,29,14,22,16,10,0,4,8,25,5,9,14,3,13,37,7,20,9,1,10,0,21,1,2,14,14,0,0,10,0,1,3,1,3,1,1,3,2,13,2,9,19,2,1,0,17,6,0,21,3,0,3,12,4,0,10,5,4,8,7,9,12,0,1,1,14,1,0,5,3,4,3,18,0,4,3,0,10,0,0,0,2,1,0,0,0
2014/8/25,0,2,1,0,16,1,46,4,0,0,0,0,0,3,0,0,10,0,0,0,0,0,0,2,0,0,1,0,0,0,0,0,0,0,0,12,2,0,0,0,2,0,0,0,0,1,0,0,0,0,0,0,0,0,0,0,0,0,0,0,0,0,0,0,0,0,0,0,2,0,0,0,1,0,9,0,0,0,1,0,0,0,0,1,1,0,0,0,0,1,0,1,0,0,0,0,0,0,0,0
2014/8/26,175,131,140,107,49,54,87,76,19,33,54,25,17,54,44,131,20,46,49,23,25,33,23,16,22,35,27,34,7,29,3,21,10,26,15,8,30,15,6,23,34,0,17,0,8,27,49,18,11,25,21,29,4,17,9,9,25,30,0,8,7,16,16,10,11,18,21,5,35,17,10,14,20,6,10,21,9,4,0,4,20,8,8,15,4,7,12,2,11,7,0,11,0,12,8,12,7,0,4,25
2014/8/27,227,130,107,89,51,68,53,76,53,78,41,33,48,27,27,75,45,39,35,28,22,35,31,11,27,4,13,30,7,26,5,17,34,21,4,4,18,18,2,3,5,0,23,0,38,19,20,20,17,13,5,25,42,33,6,12,18,26,0,29,33,10,10,8,5,15,6,26,20,4,3,9,6,20,6,7,10,34,0,12,14,20,21,13,8,3,2,0,14,4,0,7,0,17,7,2,0,0,14,0
2014/8/28,118,144,116,162,42,48,72,66,62,55,34,90,48,72,31,78,43,29,24,32,33,53,28,13,24,10,21,26,20,26,18,28,41,34,14,17,37,27,10,11,35,0,31,0,18,13,13,17,15,20,9,9,11,31,9,11,10,21,0,41,11,22,6,20,11,11,22,9,44,6,15,16,18,21,7,3,6,6,5,7,8,4,10,5,6,0,2,0,8,4,0,20,0,30,4,9,7,0,6,27
2014/8/29,172,117,126,130,54,84,22,53,58,43,57,44,59,15,61,26,41,48,31,24,31,45,15,15,35,21,20,25,20,21,18,23,12,22,2,6,16,10,8,10,3,0,19,0,29,24,24,9,39,19,18,19,12,7,11,12,9,8,0,22,11,14,12,18,15,6,5,13,7,9,22,15,2,14,10,10,10,0,1,5,14,22,14,9,4,11,2,0,2,8,0,8,0,15,5,4,7,0,8,2
2014/8/30,126,129,86,118,36,57,68,61,45,45,31,12,41,27,40,68,32,29,19,26,25,31,30,14,29,19,27,33,6,37,5,32,17,13,44,11,13,13,2,19,10,0,29,0,14,19,7,14,21,20,21,15,25,13,17,12,12,9,0,24,21,4,11,12,6,7,15,14,3,15,16,13,5,27,5,8,12,16,1,12,9,4,9,11,12,2,6,0,11,18,1,9,0,14,8,15,3,0,4,1
2014/8/31,84,51,37,36,27,29,41,57,20,19,24,10,15,29,13,14,26,20,15,5,11,6,8,9,10,0,6,7,4,11,11,5,3,6,1,5,4,3,5,19,3,0,12,0,0,6,1,2,5,3,7,0,5,3,7,4,2,2,0,14,18,0,9,5,3,0,9,2,2,10,5,5,11,2,7,7,0,0,1,5,7,3,17,9,1,3,0,0,0,7,0,0,0,0,4,4,2,0,0,3
2014/9/1,0,0,1,0,18,0,11,0,0,0,1,0,1,0,0,0,4,0,15,0,0,1,0,5,0,0,0,0,0,0,0,0,0,0,0,1,0,0,0,0,4,0,0,0,0,1,0,0,0,0,0,0,1,0,0,0,0,0,0,0,0,0,0,0,0,0,0,0,2,0,0,0,0,0,1,0,0,0,1,0,0,0,1,0,1,0,0,0,0,0,0,2,0,0,0,0,0,0,0,0
2014/9/2,211,127,122,71,56,71,50,99,44,39,34,31,39,45,45,51,23,30,38,46,39,43,10,10,30,9,18,21,27,25,16,18,6,14,26,11,30,20,10,25,11,0,12,0,31,12,31,11,4,19,13,17,5,15,15,22,28,24,0,18,9,9,10,11,12,17,13,8,18,9,9,7,18,17,9,8,3,2,1,10,18,17,12,2,3,5,9,0,5,10,0,9,0,23,9,6,10,0,11,20
2014/9/3,229,113,116,95,35,81,29,78,34,44,41,40,55,22,55,21,30,27,20,20,25,27,11,6,27,18,27,22,26,22,13,11,23,23,8,12,6,14,11,4,2,0,15,0,12,19,10,16,31,6,4,5,17,19,3,11,19,15,0,17,7,4,11,18,3,7,2,18,6,12,15,13,10,5,5,4,1,10,1,14,15,6,14,3,6,5,0,0,8,4,3,15,0,16,9,3,5,0,8,0
2014/9/4,141,140,103,88,40,66,47,54,31,35,43,39,39,43,31,25,34,27,46,46,27,39,10,4,34,16,21,14,22,26,19,18,14,14,17,7,42,27,13,30,14,0,16,0,36,14,6,7,14,13,3,10,4,22,6,9,16,22,0,88,3,32,2,5,2,14,10,16,24,10,9,19,14,5,4,8,1,2,4,3,19,21,9,5,9,3,1,0,1,5,6,5,0,8,12,8,16,0,15,29
2014/9/5,119,124,119,127,33,69,45,68,56,55,35,64,33,51,46,30,46,36,29,15,33,33,54,4,26,35,22,29,14,22,17,19,11,23,2,4,21,8,8,5,18,0,23,0,12,16,16,14,22,7,27,11,5,13,7,11,15,13,0,21,3,10,8,7,11,9,21,14,2,13,14,10,3,21,6,14,9,2,1,8,7,4,14,6,3,7,0,0,6,20,15,8,0,10,5,5,6,0,10,2
2014/9/6,174,125,109,97,64,87,31,64,35,51,34,30,36,68,49,20,34,19,23,31,37,51,15,12,31,24,35,20,16,28,20,26,28,19,40,11,8,10,15,17,1,0,9,0,30,19,10,3,14,10,22,6,27,10,14,13,16,19,0,62,12,3,9,15,11,17,16,9,1,17,9,11,12,16,4,6,4,14,2,12,9,18,11,10,7,2,6,0,12,15,0,9,0,14,13,16,3,0,20,1
2014/9/7,54,54,28,29,42,13,45,53,21,14,23,16,13,42,14,21,14,20,17,1,2,6,17,6,2,2,12,12,12,23,18,3,7,2,0,7,1,1,10,9,3,0,10,0,8,6,1,12,2,4,10,4,2,3,13,9,4,4,0,66,11,2,5,4,3,3,7,3,5,8,6,0,15,4,1,4,7,3,0,2,2,0,10,6,5,2,5,0,2,6,0,1,0,3,0,13,1,0,0,2
2014/9/8,0,0,1,0,31,0,59,0,0,0,1,0,0,0,0,0,18,0,0,0,0,0,0,7,0,0,0,0,0,0,0,0,0,0,0,0,5,0,0,0,7,0,0,0,0,8,0,0,2,0,0,0,1,0,0,2,0,0,0,0,0,0,0,0,0,0,0,0,0,0,1,0,3,0,14,0,0,0,3,0,0,0,4,0,6,1,0,0,1,0,0,4,0,0,0,0,0,0,0,0
2014/9/9,59,33,15,31,27,14,55,50,9,13,23,12,17,44,11,31,30,18,13,7,4,5,9,10,6,11,7,3,5,1,7,9,0,11,1,5,6,10,3,22,14,0,16,0,8,5,2,4,8,0,1,0,1,2,4,9,0,8,0,39,4,2,0,3,2,0,4,2,2,3,6,3,12,3,3,11,0,1,0,3,6,4,6,7,4,0,6,0,1,1,11,5,0,0,3,10,4,0,0,14
2014/9/10,235,104,129,82,48,72,57,82,32,39,38,36,48,21,34,21,16,39,32,14,57,31,16,8,18,19,14,34,21,38,17,23,23,27,13,5,15,7,7,20,7,0,14,0,8,20,17,13,22,13,5,15,30,28,4,20,5,25,0,29,12,5,7,9,6,22,13,12,0,3,13,34,11,12,10,9,9,14,4,8,8,7,12,1,4,2,4,0,13,11,0,7,0,8,7,3,0,0,6,0
2014/9/11,142,172,139,90,62,59,39,54,71,56,30,42,46,47,41,25,42,20,36,51,18,39,24,16,31,21,32,34,22,24,9,22,26,13,32,7,27,12,14,44,18,0,13,0,29,23,17,6,18,12,7,13,2,20,8,26,22,17,0,29,12,25,0,9,3,19,16,11,14,13,7,30,6,19,4,2,2,12,8,1,18,17,8,9,3,3,7,0,12,8,0,10,0,7,10,7,12,0,4,26
2014/9/12,233,171,122,110,37,61,34,60,64,32,45,46,34,24,32,15,38,29,39,27,35,21,34,8,12,24,15,25,19,40,12,16,3,25,6,8,22,11,11,15,20,0,11,0,7,17,12,21,29,11,20,17,3,6,7,17,18,13,0,20,4,6,6,6,6,8,9,6,8,16,10,9,8,14,3,14,1,3,5,3,12,6,14,10,4,7,1,2,7,4,25,14,0,18,5,5,4,0,7,0
2014/9/13,162,139,120,107,55,74,32,69,49,29,37,47,50,43,49,18,38,19,21,29,28,30,26,12,26,10,12,22,19,24,10,18,12,21,54,12,13,21,9,7,4,0,25,0,28,13,7,10,14,8,18,9,12,16,10,16,10,3,0,25,9,2,8,6,17,10,16,8,0,7,17,14,9,16,3,6,2,5,5,6,11,18,12,9,6,3,4,0,5,11,3,5,0,7,6,8,7,0,11,0
2014/9/14,100,47,24,43,55,18,26,50,22,14,14,12,29,4,14,13,23,21,14,2,1,13,12,10,12,8,1,11,24,0,23,12,0,4,0,3,1,0,15,8,3,0,13,0,1,14,1,7,4,0,1,3,8,0,11,16,1,0,0,27,15,0,13,11,5,3,8,9,0,7,13,6,8,10,0,4,17,0,2,9,3,0,10,5,3,2,7,0,3,2,0,10,0,5,3,7,0,0,0,1
2014/9/15,3,0,2,0,40,0,50,0,0,4,0,0,2,0,0,0,3,1,0,4,0,0,2,11,0,0,0,0,0,0,0,0,0,0,0,1,12,0,0,0,14,0,0,0,0,3,1,0,2,0,0,0,0,2,0,0,0,0,0,0,1,0,0,0,0,0,0,0,5,0,0,0,4,0,2,0,0,0,1,0,0,0,3,0,4,0,0,0,3,0,0,1,0,1,0,0,0,0,0,1
2014/9/16,190,137,99,103,49,60,51,78,38,45,25,38,26,53,40,48,17,24,25,66,33,26,34,15,16,3,16,34,15,24,8,15,8,13,27,7,21,13,6,34,13,0,25,0,6,20,26,15,5,11,12,15,8,11,18,24,21,34,0,15,11,9,12,13,7,16,11,7,22,12,12,5,7,10,11,19,7,6,4,17,11,5,11,10,2,12,1,0,5,11,18,15,0,10,10,7,17,0,4,16
2014/9/17,276,132,132,86,45,77,53,57,37,41,47,35,45,22,81,21,22,21,24,18,27,38,27,14,17,16,11,13,11,12,6,13,18,24,12,10,13,12,8,0,0,0,4,0,21,16,20,14,22,14,6,11,51,16,9,8,11,17,0,15,11,9,6,6,3,19,5,17,2,9,19,17,12,10,10,3,9,16,3,7,10,11,12,9,2,2,0,9,13,7,0,13,0,16,5,1,4,0,11,0
2014/9/18,172,133,141,149,71,69,52,51,52,41,46,101,46,28,31,29,12,16,25,37,35,28,9,22,24,25,21,32,20,26,13,19,21,13,10,2,33,31,14,24,16,0,24,0,14,11,8,8,24,11,6,8,6,15,8,12,9,23,0,23,2,30,3,8,2,16,10,20,25,12,8,20,7,4,8,5,10,19,2,7,12,8,5,14,2,8,1,1,6,3,1,4,0,30,12,10,7,0,7,28
2014/9/19,247,233,147,117,57,72,21,80,57,62,39,67,37,22,42,17,19,18,50,21,29,49,37,9,24,34,16,38,13,24,16,25,20,32,1,6,18,17,23,5,7,0,32,0,14,6,9,6,18,18,16,17,8,15,19,15,14,9,0,18,16,21,12,22,20,1,13,18,2,10,6,9,8,10,5,18,6,5,2,10,6,15,11,5,7,11,1,0,11,10,21,12,0,24,15,7,7,0,11,0
2014/9/20,194,131,138,115,50,79,39,59,41,47,27,45,34,42,34,14,35,26,40,33,43,26,15,22,16,5,24,20,3,20,7,28,14,20,10,4,7,21,13,24,5,0,21,0,19,13,20,11,33,20,15,12,19,8,8,16,4,14,0,29,7,6,7,10,12,15,17,12,3,11,15,12,7,26,1,17,0,6,0,8,4,4,13,19,6,5,4,0,7,7,2,7,0,17,5,25,10,0,6,0
2014/9/21,110,45,59,38,43,37,35,60,11,21,20,14,15,22,24,33,35,23,19,12,11,3,3,13,8,13,7,6,15,9,7,9,1,8,0,8,0,3,8,19,5,0,20,0,8,12,0,12,2,3,4,7,5,2,8,5,3,2,0,21,16,24,6,12,6,4,11,3,6,6,7,0,5,7,3,6,11,4,2,7,2,7,8,3,7,3,16,0,2,8,0,5,0,3,11,12,5,0,0,1
2014/9/22,0,2,2,0,39,0,33,0,0,1,2,0,2,1,0,0,34,0,1,2,0,0,2,14,0,0,0,0,0,0,0,0,0,0,0,4,5,0,0,0,14,0,0,0,0,4,0,0,3,0,1,0,0,0,0,1,0,0,0,0,0,0,2,0,0,0,0,0,5,0,0,0,10,0,4,1,0,1,3,1,0,0,3,0,4,0,0,0,1,0,0,2,0,0,0,0,0,0,0,0
2014/9/23,274,141,155,95,79,44,60,83,32,61,25,31,47,61,36,77,19,30,15,41,45,29,35,22,22,7,18,37,10,34,4,31,21,37,36,16,11,20,6,29,8,0,24,0,16,7,50,16,4,21,16,15,1,23,6,8,22,39,0,22,21,6,14,12,17,19,10,14,5,10,9,4,11,20,4,26,14,3,0,11,28,32,16,7,4,8,6,0,8,12,29,15,0,22,12,5,24,0,4,17
2014/9/24,261,166,178,86,67,63,56,56,34,89,62,41,51,26,44,32,39,19,32,21,50,33,20,31,29,28,30,17,16,28,8,29,35,27,33,3,12,17,11,1,2,0,14,0,14,14,24,7,13,15,11,10,27,36,4,11,15,28,0,21,8,6,21,11,13,18,9,24,4,12,12,21,14,16,4,5,18,3,3,9,19,5,13,3,9,10,2,1,19,8,0,10,0,7,8,17,5,0,14,0
2014/9/25,137,169,197,93,48,84,66,77,37,61,51,62,52,49,39,40,13,19,12,16,35,37,16,24,31,13,19,30,7,30,2,26,37,27,26,11,22,47,5,18,29,0,14,0,12,10,5,17,15,15,13,12,9,14,8,13,21,24,0,38,5,30,5,9,6,14,20,9,25,8,15,18,3,29,9,8,6,21,7,5,13,2,12,9,3,1,1,0,8,13,0,15,0,17,18,10,11,0,6,27
2014/9/26,203,155,174,105,68,101,52,59,54,38,64,47,53,30,44,19,24,21,41,19,24,42,21,21,32,28,28,25,4,26,4,31,25,29,3,9,26,26,8,17,6,0,20,0,23,14,8,7,18,6,22,21,11,12,15,15,21,14,0,26,7,14,15,11,19,12,9,7,1,17,7,17,13,12,3,10,17,3,3,13,9,18,16,5,9,9,0,0,11,9,29,8,0,12,10,1,6,0,15,0
2014/9/27,190,140,129,95,82,90,61,51,50,62,47,37,26,50,62,14,34,24,160,24,28,38,19,31,31,12,38,42,5,19,2,35,10,20,72,17,7,18,9,19,6,0,23,0,24,16,8,9,17,17,18,9,20,29,11,24,24,23,0,24,12,5,12,16,8,21,13,4,2,8,10,7,15,10,6,5,10,19,7,10,13,14,8,31,5,4,4,0,4,11,1,8,0,10,6,9,11,0,5,0
2014/9/28,88,43,58,37,37,31,38,65,10,16,19,11,12,35,9,31,47,17,50,4,10,15,9,12,17,15,3,5,6,10,7,6,2,6,0,28,3,3,2,30,2,0,16,0,0,7,1,3,11,3,3,2,8,0,6,9,0,0,0,22,8,0,19,10,2,5,10,9,0,9,2,15,4,10,3,3,0,2,4,6,2,4,9,10,4,0,3,0,4,3,0,2,0,1,1,9,1,0,0,4
2014/9/29,135,98,100,32,48,39,55,5,14,35,41,20,37,7,15,11,30,9,14,13,31,20,24,28,11,15,13,11,2,16,2,12,12,9,13,17,11,7,2,9,12,0,8,0,15,5,2,12,7,13,10,5,9,12,2,11,2,0,0,6,1,1,4,11,3,13,8,4,5,3,10,4,10,4,6,1,3,6,1,5,1,1,21,1,6,2,4,0,13,2,0,8,0,18,5,9,1,0,7,0
2014/9/30,202,163,142,65,71,78,57,73,54,30,47,30,38,60,39,36,46,20,92,45,56,35,36,43,19,3,23,36,8,20,7,17,5,34,42,14,33,6,4,15,22,0,28,0,7,15,37,9,9,18,13,16,8,12,8,13,16,8,0,9,11,5,10,13,6,10,13,8,9,15,19,21,2,24,4,7,5,9,10,8,8,7,16,3,4,5,1,0,4,19,18,13,0,12,7,21,5,0,1,21
2014/10/1,193,124,133,78,66,118,63,60,63,47,37,25,30,30,50,52,29,29,47,28,49,36,13,22,26,25,19,26,11,29,3,34,27,24,14,8,10,21,12,1,3,0,20,0,10,15,10,8,15,6,18,12,27,16,7,14,6,17,0,20,8,5,10,9,5,14,6,22,4,6,10,7,4,10,2,9,19,10,5,13,6,8,15,2,5,0,0,0,2,9,1,9,0,8,11,8,5,0,6,0
2014/10/2,0,2,0,0,46,0,53,41,0,0,2,0,1,0,0,0,28,0,0,1,1,0,0,22,0,0,0,0,0,0,0,0,0,0,0,9,8,0,0,0,6,0,0,0,1,1,1,0,3,0,1,0,0,0,0,0,1,0,0,0,0,0,0,0,0,0,0,0,9,0,2,0,6,0,5,0,0,0,9,0,2,0,0,2,2,0,0,0,1,0,0,0,0,0,0,0,0,0,0,0
2014/10/3,0,1,1,2,78,0,88,39,0,2,0,0,1,7,0,1,13,0,3,0,1,0,0,26,0,0,0,0,0,0,0,0,0,0,0,5,3,0,0,0,4,0,0,0,3,4,1,0,0,0,0,0,0,1,0,0,0,1,0,0,0,0,0,0,0,1,0,0,0,0,1,0,8,0,4,0,0,0,5,0,0,0,0,1,6,0,0,0,0,0,0,0,0,0,0,0,0,0,0,0
2014/10/4,0,3,6,0,27,0,56,46,0,4,2,0,1,0,0,0,7,0,0,1,0,0,0,12,0,0,1,0,0,0,0,0,0,0,0,1,0,0,0,0,1,0,0,0,0,2,0,0,1,0,0,0,0,0,0,0,0,0,0,0,0,0,1,0,0,0,0,0,0,0,0,0,9,0,5,0,0,0,7,0,0,0,0,2,4,0,0,0,4,0,0,1,0,0,0,0,0,0,0,0
2014/10/5,100,47,82,24,23,17,33,74,11,13,13,9,19,11,13,19,2,10,44,1,4,8,16,21,7,18,6,7,24,8,30,12,3,6,3,2,4,3,12,13,2,0,11,0,3,1,2,11,0,11,4,14,6,1,14,4,8,4,0,34,18,2,10,6,0,0,4,8,0,1,10,1,7,5,4,5,21,5,3,3,7,1,8,8,7,0,8,0,2,1,0,7,0,9,2,0,1,0,0,10
2014/10/6,91,37,61,34,59,30,61,1,10,26,38,8,65,15,19,11,40,14,8,0,8,8,9,23,18,11,7,2,7,13,10,23,5,8,0,6,8,25,10,31,7,0,5,0,0,15,1,4,4,5,22,7,4,0,8,6,6,2,0,12,12,36,5,3,0,0,2,1,4,2,12,0,7,8,3,8,5,8,5,0,5,2,9,0,4,0,7,2,2,3,0,1,0,4,5,2,0,0,0,0
2014/10/7,95,51,68,29,62,11,86,67,16,14,28,15,30,40,23,6,47,40,17,9,4,6,13,19,22,20,8,11,9,4,25,18,1,8,0,20,8,21,11,22,24,0,48,0,13,4,0,21,2,0,3,0,1,3,14,22,7,5,0,26,10,2,10,27,4,2,7,13,10,4,9,0,20,2,12,3,0,5,4,4,3,2,15,1,4,0,0,0,3,1,24,15,0,3,4,5,2,0,2,25
2014/10/8,108,64,72,46,80,21,56,59,13,32,26,12,21,12,20,7,24,26,14,2,7,18,1,17,12,15,6,7,16,10,20,3,18,16,0,8,3,1,14,22,7,0,21,0,2,2,1,17,0,8,3,7,7,3,4,8,6,5,0,18,2,1,4,3,0,7,5,3,0,2,23,5,15,3,9,3,0,0,12,2,3,6,35,6,4,0,6,0,4,3,0,6,0,6,3,3,4,0,0,1
2014/10/9,164,147,133,116,116,83,95,80,45,47,52,58,68,46,25,33,26,22,20,53,46,41,37,23,24,15,28,40,8,29,8,44,18,32,19,14,25,27,14,22,11,0,9,0,32,15,12,16,13,13,8,14,8,17,12,16,12,24,0,28,8,26,6,15,9,29,28,9,10,11,13,9,16,14,9,5,7,11,10,10,12,30,21,6,10,0,2,0,6,21,0,6,0,26,18,5,25,0,9,35
2014/10/10,221,127,171,134,58,75,66,77,55,42,50,47,45,39,57,32,25,27,31,23,79,47,14,38,38,30,23,38,12,31,10,28,9,22,5,2,22,31,3,9,9,0,21,0,16,26,7,11,21,16,28,21,16,2,8,18,22,15,0,6,2,18,12,17,8,8,10,15,4,7,5,13,5,19,7,8,11,1,10,5,7,6,17,7,2,6,0,0,1,11,26,21,0,38,7,14,9,0,9,0
2014/10/11,215,161,147,143,92,96,54,109,54,57,51,41,43,26,69,10,33,28,19,39,24,52,39,21,28,17,40,27,8,15,12,31,32,23,52,18,14,25,8,17,0,0,16,0,28,3,11,16,26,6,22,13,14,19,16,10,21,14,0,18,18,6,16,5,6,10,20,17,3,12,8,25,1,17,9,15,3,10,9,13,17,21,25,16,1,2,2,0,4,6,0,12,0,13,11,2,8,0,13,3
2014/10/12,100,69,106,59,37,45,34,75,19,25,28,13,22,30,22,20,10,10,15,10,49,23,9,21,7,11,7,14,8,22,4,10,7,4,2,10,2,6,7,7,2,0,13,0,10,7,2,6,6,9,12,3,2,5,10,7,1,4,0,9,5,3,5,7,3,4,15,5,0,0,5,13,9,12,2,8,20,7,4,6,9,1,12,3,4,2,6,0,1,4,0,4,0,7,10,14,3,0,6,2
2014/10/13,4,1,0,0,28,0,25,0,0,1,3,0,0,0,0,0,21,0,1,0,1,0,0,8,0,0,0,0,0,0,0,0,0,0,0,1,5,0,0,0,9,0,0,0,0,4,0,0,3,0,0,0,0,1,0,0,0,0,0,0,2,1,0,0,0,0,0,0,3,0,0,0,0,1,3,0,0,0,3,1,1,0,9,0,2,0,0,0,0,0,0,2,0,0,0,1,0,0,0,0
2014/10/14,236,166,104,138,74,47,84,93,48,54,65,43,49,64,49,56,27,25,21,73,22,38,12,28,26,3,18,15,8,21,10,28,16,26,31,8,23,33,8,27,19,0,36,0,16,6,41,17,4,15,17,17,8,25,14,10,21,22,0,18,7,6,8,18,10,17,11,12,21,19,10,5,2,18,3,10,12,16,2,11,15,16,20,9,15,4,8,0,6,11,14,12,0,28,13,11,13,0,10,22
2014/10/15,219,210,155,125,71,83,60,71,45,65,33,42,56,30,49,38,41,31,24,28,50,36,34,26,37,23,18,37,15,20,8,16,54,28,25,6,21,20,7,18,2,0,23,0,12,16,21,7,28,23,11,17,29,42,7,23,14,21,0,13,8,6,6,22,1,22,14,10,3,5,5,20,8,17,3,8,15,20,12,17,19,3,20,8,3,2,5,0,5,9,1,5,0,16,13,3,5,0,2,0
2014/10/16,172,129,177,139,84,64,57,54,59,56,48,82,64,53,27,28,39,26,25,42,36,32,7,26,19,22,20,33,12,29,14,26,25,18,14,6,13,38,10,7,9,0,12,0,29,3,11,15,14,8,14,15,10,14,14,20,16,21,0,16,2,18,1,26,2,14,9,6,12,20,11,14,6,24,14,9,11,4,5,2,15,23,15,4,4,0,0,0,8,11,0,4,0,22,13,2,17,0,11,24
2014/10/17,224,121,143,102,37,90,42,68,56,31,26,35,24,20,39,18,29,36,31,23,33,36,17,27,41,17,30,17,21,29,14,18,9,21,5,3,17,31,13,5,8,0,18,0,9,11,4,19,6,3,15,28,8,17,17,9,19,24,0,10,4,9,10,9,12,12,8,7,4,2,10,6,7,13,7,23,9,1,9,9,13,5,14,2,0,26,0,0,7,6,20,15,0,24,9,13,9,0,6,4
2014/10/18,192,149,148,116,107,76,40,79,61,58,74,24,41,47,57,38,29,30,29,35,37,38,24,15,40,18,44,19,32,18,27,18,34,14,65,6,13,13,17,33,4,0,22,0,16,7,6,14,16,10,19,12,14,20,14,21,8,9,0,30,13,4,14,18,18,13,16,8,5,4,17,5,4,9,5,9,8,13,1,18,6,15,14,17,4,7,10,0,7,14,2,7,0,19,9,4,7,0,13,0
2014/10/19,88,49,61,38,4,30,6,55,19,15,20,13,18,7,15,27,15,27,17,6,12,10,12,2,18,6,5,13,14,10,4,7,1,8,0,2,3,8,2,13,0,0,22,0,3,3,0,16,1,0,9,3,5,0,12,7,1,0,0,14,12,1,4,9,7,1,7,4,0,3,9,2,8,7,1,8,21,1,0,1,1,3,11,16,4,4,13,0,1,8,0,3,0,0,7,8,1,0,0,0
2014/10/20,0,0,0,0,18,0,32,2,0,0,0,0,0,2,0,0,3,0,0,1,0,0,0,11,0,0,0,0,0,0,0,0,0,0,0,0,7,0,0,0,11,0,0,0,0,0,0,0,1,0,0,0,0,0,0,1,0,0,0,0,0,0,0,0,1,1,0,0,6,0,0,0,0,0,1,0,0,0,3,0,0,0,3,0,0,0,0,0,0,0,0,0,0,0,0,0,0,0,0,0
2014/10/21,274,163,101,139,70,74,78,86,66,50,23,55,35,44,43,53,21,20,22,50,47,25,25,54,24,6,12,21,16,21,7,19,11,25,17,4,29,23,21,37,20,0,16,0,7,7,35,16,11,15,9,23,4,20,16,20,12,22,0,15,26,11,9,14,1,22,17,7,16,8,15,8,12,5,8,25,3,5,3,12,7,11,11,2,8,3,3,0,4,12,24,15,0,36,8,11,21,0,6,21
2014/10/22,270,187,187,132,111,84,55,59,57,75,32,49,71,39,42,53,33,36,27,19,26,46,18,23,28,27,20,32,14,20,9,15,31,24,9,6,24,7,9,9,2,0,22,0,16,24,16,10,22,10,9,12,30,33,9,27,22,15,0,11,9,9,11,20,5,20,5,13,12,11,13,34,17,16,4,6,5,10,5,11,9,19,14,3,6,1,4,0,4,8,0,4,0,22,1,4,10,0,10,0
2014/10/23,167,150,162,162,58,43,67,57,58,65,43,66,35,52,38,29,32,23,16,63,44,35,28,41,26,20,33,28,10,35,15,17,52,30,13,17,30,30,9,12,26,0,13,0,14,13,13,8,24,14,9,20,8,16,9,13,7,20,0,22,11,27,4,18,11,24,27,12,28,14,16,20,10,23,9,6,8,5,11,3,11,4,17,6,10,16,0,0,3,7,0,1,0,29,11,13,20,0,9,22
2014/10/24,163,110,179,121,96,75,52,54,55,44,36,55,53,24,42,23,30,17,29,23,37,37,19,43,29,36,37,26,7,28,6,25,38,20,15,20,18,38,6,16,9,0,20,0,15,7,5,14,12,6,22,23,10,9,15,19,17,4,0,7,25,16,10,13,8,6,16,17,3,4,20,15,7,13,9,20,19,8,9,7,5,17,16,1,12,7,1,0,10,7,1,15,0,14,4,2,7,0,6,5
2014/10/25,163,141,144,98,69,55,51,60,36,44,31,40,27,35,28,19,22,24,33,39,38,43,50,37,11,14,22,32,11,29,15,25,25,27,51,6,10,13,18,20,2,0,14,0,14,10,7,15,5,3,18,20,7,16,6,17,6,13,1,14,12,2,13,9,5,6,11,12,1,18,6,19,4,23,11,8,8,20,4,20,6,3,8,11,7,17,5,0,5,13,0,11,0,5,6,8,2,0,6,0
2014/10/26,77,45,73,36,60,29,32,54,17,19,12,11,21,21,13,51,27,24,22,10,16,4,8,21,6,1,5,5,20,9,16,6,7,8,1,9,1,1,13,8,2,0,22,0,1,2,0,14,4,4,5,6,2,1,8,9,3,1,0,13,11,28,7,1,4,0,8,7,0,10,6,0,8,10,9,7,1,7,4,4,4,2,7,0,12,2,6,0,4,5,0,14,0,2,2,6,5,0,0,6
2014/10/27,0,1,0,0,13,0,12,1,0,1,3,0,3,3,0,0,20,0,2,2,1,0,0,10,0,0,0,0,8,0,6,0,0,0,0,1,0,0,3,0,0,0,0,0,0,1,0,0,0,0,0,0,0,1,0,1,0,0,0,0,4,0,1,0,0,0,0,0,0,0,0,0,0,0,2,0,0,0,1,0,0,0,1,0,2,0,0,0,1,0,0,2,0,0,0,0,0,0,0,0
2014/10/28,234,193,174,115,106,66,60,74,69,45,58,41,40,49,33,69,14,45,34,61,52,42,9,42,25,1,13,21,30,31,24,26,8,34,34,14,32,19,17,23,23,0,20,0,19,4,34,30,5,24,16,14,8,16,18,16,16,15,0,12,11,8,13,15,8,16,26,15,9,14,9,0,3,13,10,16,12,1,2,7,12,29,10,3,1,8,5,0,6,12,22,16,0,13,19,10,19,0,17,21
2014/10/29,243,143,181,120,94,61,55,59,55,63,42,46,58,29,68,44,58,25,20,18,34,42,27,53,25,27,17,31,23,40,29,20,31,24,32,9,31,7,10,2,4,0,12,0,16,16,17,15,21,10,9,25,30,19,13,12,5,14,0,9,10,13,15,18,5,7,8,28,7,13,4,25,16,15,9,5,8,18,9,12,20,5,8,3,8,1,1,0,7,7,0,6,0,10,12,8,3,0,4,0
2014/10/30,139,153,156,110,106,68,77,44,66,49,39,79,89,47,38,33,39,12,15,21,24,43,10,42,28,18,18,23,19,22,14,15,38,21,23,11,27,28,19,24,13,0,25,0,24,19,3,14,16,17,5,24,8,20,7,9,15,10,0,20,4,24,1,6,0,13,9,8,11,9,14,15,1,24,0,7,4,5,4,0,5,13,1,2,3,3,0,0,5,16,0,6,0,33,12,8,12,0,11,17
2014/10/31,204,140,165,104,86,60,53,67,60,48,29,60,45,21,39,13,46,21,31,37,25,33,39,32,27,26,47,30,11,31,17,7,31,11,8,10,19,26,15,7,12,0,15,0,5,8,6,11,6,10,22,14,5,11,12,8,16,10,0,6,6,9,6,16,8,5,13,14,1,16,11,11,6,13,10,12,4,9,1,6,11,7,8,2,2,3,0,0,6,9,24,8,0,27,13,5,4,0,1,3
2014/11/1,180,172,93,109,124,79,35,65,51,51,36,46,35,23,47,8,26,28,29,30,37,34,30,49,23,8,40,17,17,28,24,27,5,18,58,21,15,16,16,24,1,0,15,0,19,9,10,7,13,13,10,18,17,14,12,16,7,16,0,13,13,4,8,12,11,5,8,10,5,16,29,5,11,11,9,8,13,7,8,21,11,19,6,3,6,4,12,0,5,10,2,7,0,6,8,5,4,0,9,0
2014/11/2,80,45,53,41,60,30,20,71,23,18,13,18,14,13,17,26,11,21,18,5,14,14,13,28,12,2,14,16,11,1,15,7,6,7,0,6,0,4,22,27,0,0,32,0,0,7,0,7,10,7,12,1,5,2,5,10,5,2,0,5,5,0,5,10,1,0,10,5,6,9,0,6,2,12,3,6,5,3,2,1,9,4,6,1,0,5,0,0,4,7,0,7,0,1,4,7,3,0,0,1
2014/11/3,0,0,1,0,52,0,33,0,0,1,3,0,2,0,0,0,33,0,0,4,0,0,0,20,0,0,0,0,10,0,5,0,0,0,0,5,4,0,4,0,12,0,0,0,0,3,0,1,2,1,0,0,0,3,0,0,0,0,0,0,3,0,0,0,0,0,0,0,4,0,3,0,4,0,5,1,0,0,2,0,0,0,4,0,3,0,0,0,0,0,0,1,0,0,0,1,0,0,0,0
2014/11/4,272,176,136,104,67,72,58,104,54,48,55,44,29,57,25,67,35,27,27,50,60,28,37,36,20,5,23,25,13,30,12,18,22,15,13,12,28,40,7,27,14,0,21,0,14,8,38,14,9,19,10,24,5,11,14,12,13,18,0,7,9,6,12,19,6,12,10,9,12,11,9,2,2,12,5,10,5,7,9,15,17,8,4,3,8,9,5,0,8,13,19,7,0,7,9,11,17,0,9,20
2014/11/5,226,145,197,116,133,56,52,101,58,71,34,50,53,27,29,42,21,26,23,23,33,47,16,44,20,19,18,14,20,15,17,33,38,24,24,8,20,14,10,25,4,0,29,0,27,13,17,14,13,6,11,31,16,41,19,7,10,15,0,8,15,12,8,23,4,12,7,12,5,4,5,15,18,17,6,6,3,22,5,19,12,20,6,5,4,8,2,0,5,8,2,5,0,5,7,2,3,0,19,0
2014/11/6,144,142,161,138,101,48,84,55,68,50,57,94,46,33,18,21,35,23,27,43,40,38,29,49,32,19,12,29,7,26,7,19,20,14,17,10,26,26,8,4,22,0,19,0,11,12,1,12,7,12,7,12,14,14,12,12,21,19,0,21,4,23,9,10,6,10,12,4,10,14,14,9,9,16,8,8,1,8,5,8,5,4,4,11,7,4,0,0,7,4,0,0,0,15,15,11,8,0,7,36
2014/11/7,181,141,145,93,93,97,43,64,60,38,19,61,29,23,31,28,32,14,28,19,29,32,16,53,34,12,17,19,12,20,5,33,15,14,6,18,2,34,14,3,9,0,11,0,14,6,3,10,14,9,23,20,7,13,6,6,25,16,0,4,3,6,14,11,10,3,12,4,5,10,11,25,5,5,4,10,9,0,5,17,9,25,0,5,6,10,0,0,2,8,26,4,0,5,3,2,8,0,9,5
2014/11/8,146,125,125,97,125,62,52,91,52,49,52,50,43,40,46,14,38,20,24,21,61,23,38,81,27,8,22,41,10,19,7,29,28,9,62,35,10,7,7,19,0,0,12,0,8,21,20,15,5,11,13,24,15,10,17,6,9,21,0,13,16,1,10,17,7,17,11,8,4,16,13,12,3,14,11,7,6,22,6,11,6,9,1,6,1,5,1,0,7,8,0,5,0,15,4,8,3,0,5,0
2014/11/9,76,65,66,38,66,25,7,62,14,22,13,14,8,39,23,19,10,7,28,8,15,16,6,27,10,8,10,8,8,12,14,4,7,9,0,14,1,3,8,9,4,0,6,0,8,14,4,6,0,0,9,6,5,2,12,2,1,3,0,8,10,0,7,9,4,0,12,4,4,3,4,6,3,13,7,5,12,2,3,0,2,5,0,2,2,0,9,0,1,5,0,1,0,5,3,10,0,0,0,1
2014/11/10,0,1,2,0,39,0,17,2,0,0,2,0,3,1,0,0,9,2,0,2,0,0,0,32,0,0,0,0,5,0,1,0,0,0,0,7,11,0,1,0,8,0,0,0,0,5,0,0,1,0,0,0,2,0,0,0,0,0,0,0,1,0,0,0,0,1,0,0,5,0,0,0,4,0,4,0,0,0,2,0,0,0,0,1,2,0,0,0,1,0,0,0,0,0,0,1,0,0,0,0
2014/11/11,248,184,142,126,127,70,68,82,39,40,43,50,40,54,24,57,38,27,23,55,39,32,20,76,19,7,11,21,7,32,12,26,6,8,22,18,25,28,12,29,22,0,19,0,20,6,36,18,8,11,10,19,10,10,22,8,15,24,0,11,18,4,9,14,8,8,11,4,10,11,6,3,8,18,8,20,14,3,9,17,10,10,7,6,9,6,0,0,2,24,28,10,0,19,23,13,26,0,18,3
2014/11/12,238,151,201,92,117,86,69,61,39,64,21,38,66,23,46,34,39,41,29,21,55,45,30,75,33,26,21,31,9,31,9,13,42,22,20,8,6,16,9,18,5,0,12,0,11,15,16,14,12,9,5,14,23,11,4,11,15,22,0,1,9,2,20,18,7,19,5,23,4,22,16,30,6,10,8,7,8,13,8,14,11,7,6,8,1,0,0,1,3,5,1,13,0,14,8,3,1,0,6,0
2014/11/13,141,146,165,148,123,87,72,54,64,47,43,95,48,42,21,18,16,22,18,51,25,59,17,76,28,26,17,20,7,25,9,28,33,13,8,16,21,37,2,9,11,0,6,0,11,11,10,11,7,9,11,5,9,14,7,6,16,23,0,10,8,0,4,12,3,21,10,7,17,33,1,12,17,13,10,4,7,5,3,0,11,14,4,8,10,11,0,0,4,8,0,5,0,16,9,5,11,0,12,1
2014/11/14,147,163,180,116,81,80,34,46,55,53,36,65,29,34,25,15,31,23,26,20,53,37,50,69,28,29,11,28,8,26,11,23,23,20,5,7,13,24,10,10,9,0,7,0,4,16,8,19,8,16,19,9,5,8,13,11,11,28,0,2,1,2,13,8,13,6,19,5,6,8,3,8,16,7,8,19,6,6,6,18,2,7,2,9,6,7,0,0,7,10,21,8,0,19,10,5,6,0,8,2
2014/11/15,131,104,107,92,97,96,25,55,51,29,30,41,18,29,31,14,29,12,10,21,51,40,28,52,22,6,26,24,6,16,7,22,3,28,32,9,9,15,6,27,5,0,19,0,21,16,12,13,5,5,10,12,7,17,9,8,4,8,0,5,3,2,6,7,1,10,9,11,5,6,6,14,0,13,5,11,8,13,1,17,6,9,0,10,2,6,2,0,2,15,1,4,0,13,6,3,7,0,11,3
2014/11/16,76,61,72,33,64,28,17,55,18,14,20,30,4,18,12,19,30,40,22,12,8,8,18,25,6,10,7,12,11,11,14,11,3,9,0,7,1,4,8,26,2,0,17,0,0,2,0,3,1,1,22,3,6,0,6,14,1,1,0,6,10,0,7,5,2,0,11,7,0,8,10,0,6,9,6,14,10,1,1,0,2,5,3,3,3,0,6,0,1,12,0,5,0,2,4,6,10,0,0,5
2014/11/17,1,0,1,0,56,1,26,0,0,0,3,0,0,0,0,1,23,0,4,2,0,0,0,53,0,0,0,0,4,0,3,0,0,0,0,17,4,0,0,0,14,0,0,0,0,8,0,0,3,0,0,0,0,0,0,0,0,0,0,0,0,0,0,0,0,0,0,0,3,0,0,0,5,0,4,0,0,0,9,0,0,0,0,2,0,0,0,0,0,0,0,2,0,0,0,0,0,0,0,0
2014/11/18,173,130,105,83,80,54,48,55,39,41,58,48,23,14,28,44,23,9,27,51,51,24,41,66,23,1,20,27,10,18,13,18,8,12,25,21,37,25,5,30,19,0,15,0,7,22,34,7,0,17,15,20,10,20,14,6,17,25,0,2,4,12,6,6,10,10,11,16,8,7,14,5,13,12,12,19,7,4,3,13,12,14,3,7,6,2,3,0,5,27,19,8,1,22,6,12,10,0,13,15
2014/11/19,234,128,199,83,127,71,31,58,27,51,42,68,52,20,42,44,45,42,48,20,34,37,26,57,29,28,21,12,10,31,3,14,35,13,38,13,17,21,17,20,4,0,17,0,19,18,10,20,10,12,5,26,14,26,5,10,6,15,0,7,4,3,14,16,8,24,2,18,4,8,4,10,10,10,11,3,0,22,4,7,16,22,4,7,4,0,2,0,10,5,2,9,0,21,4,2,2,0,9,2
2014/11/20,154,136,142,149,45,84,32,65,80,64,69,79,29,32,21,17,21,15,19,41,60,25,32,41,34,25,18,22,13,28,11,35,11,15,12,9,24,43,23,9,22,0,23,0,9,20,9,13,14,11,13,7,9,7,15,10,19,34,0,13,3,26,3,23,5,19,10,6,25,22,20,4,11,17,4,8,10,1,2,3,8,5,7,2,7,5,0,0,5,8,0,7,0,29,11,4,19,0,12,29
2014/11/21,168,153,143,87,96,90,45,51,27,44,33,85,25,26,20,14,16,14,27,24,44,43,22,72,25,19,23,25,13,24,19,28,24,20,7,17,17,38,14,17,10,0,15,0,16,20,14,6,26,9,23,19,6,14,11,6,14,14,0,2,3,10,5,8,14,9,10,11,8,6,6,16,6,13,10,7,12,1,5,15,7,17,1,1,4,23,0,0,2,9,27,1,0,11,8,0,9,0,11,2
2014/11/22,187,106,112,108,90,76,50,55,42,50,51,43,28,28,49,32,36,23,34,30,52,33,33,85,25,9,19,26,15,27,24,32,22,22,75,10,13,18,16,30,8,0,14,0,9,21,15,11,13,5,12,18,18,17,9,11,8,14,0,12,12,3,18,8,5,14,9,15,1,9,8,19,2,25,6,8,6,7,1,7,4,4,3,19,2,3,9,0,9,3,1,11,0,15,6,3,1,0,8,1
2014/11/23,76,58,46,18,52,33,18,66,19,13,22,14,7,29,14,22,22,25,25,6,13,8,6,39,9,11,5,4,17,15,16,8,5,0,6,15,3,10,15,24,3,0,16,0,3,6,0,11,3,0,8,0,6,1,11,5,3,1,0,8,4,0,4,15,9,1,5,4,1,5,9,7,4,6,2,10,0,0,0,2,6,1,0,3,0,1,4,0,0,7,0,10,0,11,3,6,5,0,0,0
2014/11/24,0,0,0,0,53,0,31,1,1,3,0,0,0,0,0,0,26,0,0,2,3,0,0,41,0,0,0,0,7,0,5,0,0,0,0,14,10,0,4,0,11,0,0,0,0,8,0,0,0,0,0,0,0,0,0,0,0,0,0,0,1,0,0,0,0,0,0,0,4,0,0,0,0,0,1,0,0,0,2,0,0,0,0,0,0,0,0,0,0,0,0,0,0,0,0,0,0,0,0,0
2014/11/25,223,157,173,75,108,84,59,82,51,52,37,38,40,42,24,48,39,36,20,53,49,47,16,111,33,4,22,26,7,17,5,13,20,6,35,24,30,37,15,32,20,0,10,0,34,24,41,11,1,7,20,26,6,25,15,17,27,24,0,14,13,4,4,7,5,22,17,7,18,8,11,3,21,11,5,23,9,11,4,9,8,26,2,3,10,11,5,0,8,15,25,6,0,14,3,12,12,0,20,24
2014/11/26,320,139,202,81,110,68,48,55,58,66,32,43,60,11,56,45,27,24,26,35,62,36,26,81,23,34,15,25,10,27,4,29,35,22,11,17,14,16,9,2,3,0,16,0,9,25,19,31,15,25,10,15,29,41,7,20,15,14,0,14,14,8,12,16,1,15,10,12,2,8,7,17,13,14,11,8,9,19,4,15,10,5,2,6,10,4,0,0,8,8,0,12,0,16,9,11,5,0,15,2
2014/11/27,214,176,164,145,112,75,58,60,67,55,38,105,38,47,35,25,52,28,20,41,32,48,14,69,31,31,28,27,13,13,8,22,37,11,9,11,22,64,9,13,12,0,10,0,13,25,3,19,11,5,9,22,13,17,5,14,11,15,0,7,6,23,4,18,3,11,10,6,6,12,11,8,14,18,5,5,6,8,5,2,8,10,0,4,9,6,0,0,6,8,0,10,0,34,8,12,8,0,10,13
2014/11/28,197,140,152,80,80,69,34,68,67,35,33,30,28,27,31,13,34,17,28,26,51,39,29,67,27,16,24,31,8,18,6,23,19,18,5,11,11,26,9,12,8,0,8,0,8,20,0,13,14,8,16,21,1,6,8,11,21,16,0,7,11,9,17,7,5,3,6,8,1,9,9,9,11,10,19,8,11,5,2,13,15,8,1,2,3,12,0,0,10,7,15,3,0,13,8,9,7,0,10,0
2014/11/29,250,156,149,107,119,102,47,56,56,39,49,54,45,36,29,43,13,29,34,34,66,29,23,83,30,4,23,33,10,18,7,35,20,17,67,15,14,21,10,14,4,0,13,0,14,21,8,22,12,8,22,20,11,18,13,7,10,7,0,14,17,6,14,19,5,7,16,11,5,12,11,15,12,21,6,18,6,29,4,12,9,15,4,1,6,7,0,1,13,16,1,7,0,21,8,2,7,0,11,5
2014/11/30,94,74,56,30,78,33,33,53,21,10,22,14,10,14,18,21,22,14,22,12,5,18,14,47,10,6,10,10,15,6,13,6,0,16,5,8,1,8,8,1,1,0,5,0,0,16,1,3,1,8,9,13,2,3,7,4,2,3,0,8,5,12,14,9,2,4,12,2,0,8,0,0,7,10,6,4,0,1,1,4,8,5,0,4,6,0,0,0,1,8,1,6,0,2,5,15,1,0,0,3
2014/12/1,0,0,0,0,39,0,24,0,0,0,0,0,2,2,0,1,16,3,3,1,3,0,0,28,0,0,0,0,3,0,3,0,0,0,0,9,2,0,1,0,9,0,1,0,0,7,0,1,0,0,0,0,0,2,0,2,0,0,0,0,0,0,0,0,0,0,0,0,8,0,0,0,3,0,3,0,0,2,2,0,0,0,0,0,1,0,0,0,0,0,0,1,0,0,0,0,0,0,0,0
2014/12/2,215,139,129,78,107,69,42,68,51,51,34,44,34,61,32,51,35,35,52,63,52,28,36,77,24,9,25,24,33,29,19,32,6,10,28,14,27,19,15,8,23,0,11,0,6,18,31,10,4,31,15,21,9,16,21,19,20,15,0,7,13,8,15,13,2,12,11,17,15,9,15,3,9,3,4,13,16,6,5,12,5,13,3,6,4,13,0,0,12,12,16,19,0,16,17,9,16,0,10,16
2014/12/3,328,140,186,88,142,77,43,60,65,55,36,41,51,21,41,39,45,37,26,24,28,29,21,77,15,27,13,12,30,18,27,16,27,20,11,16,21,20,14,20,8,0,15,0,9,27,21,25,19,13,14,11,35,32,22,11,12,13,0,16,6,4,26,13,4,20,4,19,3,8,7,24,8,10,10,7,9,3,4,13,14,4,3,3,6,0,1,0,16,4,1,6,0,16,6,3,5,0,9,0
2014/12/4,170,159,134,99,102,104,48,70,90,49,39,100,50,37,28,21,27,16,22,20,47,28,26,51,29,32,25,29,19,17,23,22,37,13,23,13,17,34,9,22,17,0,11,0,10,16,5,17,15,17,13,17,8,12,2,14,19,18,0,9,7,12,3,19,4,15,18,8,4,16,11,2,6,7,8,11,15,3,3,3,14,2,2,4,10,9,0,0,7,10,0,0,0,25,8,12,4,0,6,33
2014/12/5,157,138,164,107,80,90,64,63,60,36,35,66,20,24,47,20,42,39,24,18,57,24,31,49,35,22,32,18,16,19,14,30,10,32,6,12,15,32,11,7,11,0,20,0,11,20,16,16,17,13,21,19,6,11,13,3,11,30,0,4,3,15,15,4,12,12,5,19,2,9,4,10,9,8,3,6,8,6,2,13,21,9,2,11,1,15,0,0,6,11,14,5,0,15,9,7,6,0,9,1
2014/12/6,192,120,114,90,86,92,52,65,44,33,38,39,32,23,55,21,54,32,26,26,59,29,39,53,25,10,16,31,22,18,14,15,36,11,60,19,13,16,9,30,11,0,13,0,10,15,16,11,19,9,14,10,19,16,11,13,6,10,0,14,13,4,6,9,5,9,16,9,7,13,16,13,9,12,5,15,4,19,0,13,10,6,1,13,5,3,0,0,7,13,0,2,0,4,12,14,6,0,9,0
2014/12/7,89,54,82,31,55,32,37,53,10,16,21,19,9,10,15,14,10,21,15,9,13,11,2,19,15,2,4,7,7,14,12,10,8,16,0,3,1,6,9,12,2,0,4,0,0,6,4,5,13,1,10,1,10,1,9,1,1,4,0,8,8,1,7,7,2,0,7,1,0,1,10,5,7,3,3,4,3,1,3,0,2,1,0,1,2,1,3,0,5,3,0,3,0,1,2,11,1,0,0,5
2014/12/8,0,0,1,0,54,0,43,3,0,0,0,0,0,1,0,2,13,0,0,0,1,0,0,34,0,0,0,0,4,0,1,0,0,0,0,9,6,0,1,0,15,0,0,0,1,7,0,0,1,0,0,0,0,0,0,5,0,0,0,0,0,0,0,0,0,0,0,0,10,0,0,0,2,0,6,1,0,0,2,1,1,0,1,0,0,0,0,0,1,0,0,0,0,0,0,0,0,0,0,0
2014/12/9,225,146,166,124,100,62,34,73,35,65,59,57,46,43,36,27,48,36,36,68,48,24,9,57,30,31,15,28,36,24,24,38,13,14,36,21,26,37,12,25,17,0,17,0,13,15,37,10,7,14,16,24,11,18,14,14,16,28,0,14,11,8,4,13,4,15,18,12,4,15,7,8,16,8,7,8,2,10,4,13,5,9,0,2,7,7,5,0,6,8,23,6,0,13,12,6,11,0,9,21
2014/12/10,249,147,162,115,121,85,58,60,65,60,59,46,58,9,49,31,33,41,18,17,49,31,28,65,22,31,20,24,27,24,30,38,33,15,13,8,4,10,17,0,2,0,9,0,8,13,21,9,19,4,12,12,33,16,17,8,18,17,0,6,9,4,9,8,7,14,8,24,1,19,8,25,12,9,12,9,3,17,3,8,9,4,2,7,7,1,0,0,14,8,0,11,0,17,9,3,4,0,2,0
2014/12/11,170,155,187,131,119,73,89,57,62,53,39,103,41,40,27,39,55,21,19,52,49,32,10,63,39,11,20,31,20,10,21,19,32,9,11,25,24,46,10,3,22,0,9,0,19,10,11,19,13,14,4,16,13,13,3,13,32,14,0,6,3,31,5,11,5,13,11,12,13,26,3,5,10,8,8,8,2,8,1,5,5,5,0,2,9,15,0,0,9,7,0,3,0,15,5,6,7,0,4,22
2014/12/12,181,158,130,121,78,72,69,55,66,42,39,54,13,31,29,17,34,30,42,24,48,28,27,38,44,25,9,29,28,17,37,17,15,22,10,17,12,23,9,17,12,0,9,0,12,8,15,13,32,12,25,10,6,17,21,12,8,15,0,3,7,11,14,9,15,13,8,5,4,19,2,17,15,10,8,23,3,5,2,11,11,8,4,6,2,8,0,0,6,9,25,4,0,22,8,11,3,0,8,0
2014/12/13,205,140,113,109,134,91,63,43,34,48,41,53,39,28,43,23,51,33,27,13,47,27,25,63,35,7,22,21,22,15,20,26,24,10,54,9,5,17,13,17,2,0,18,0,20,17,3,17,25,18,22,12,24,12,13,11,8,6,0,10,18,2,11,14,17,11,8,11,0,14,13,10,11,3,6,10,2,7,0,10,12,19,1,21,6,5,3,0,15,10,0,6,0,10,15,5,1,0,9,0
2014/12/14,92,44,60,29,38,39,18,52,16,21,11,17,10,21,22,28,34,10,11,4,5,9,13,26,19,10,13,16,19,2,10,3,2,21,0,19,0,11,10,25,5,0,6,0,0,6,0,8,5,0,15,0,5,1,8,3,4,1,0,14,16,7,3,2,0,1,9,2,2,4,5,9,8,11,5,10,0,0,0,4,0,4,1,2,6,0,12,0,7,6,0,3,0,3,5,6,1,0,0,0
2014/12/15,4,1,0,0,52,1,30,0,0,2,2,0,0,0,0,0,4,1,0,2,3,0,0,21,0,0,0,0,5,0,8,0,0,0,0,1,4,0,2,0,11,0,0,0,0,1,0,1,2,0,0,0,0,1,1,1,0,0,0,0,0,0,0,0,0,0,0,0,3,0,0,0,10,0,3,0,0,1,0,1,0,0,0,0,0,0,0,0,0,0,0,3,0,0,2,1,0,0,0,0
2014/12/16,228,200,153,83,137,89,74,67,60,42,57,47,26,74,31,74,53,23,38,49,76,25,6,67,34,7,13,32,14,29,6,17,15,13,22,15,26,31,12,47,22,0,22,0,23,12,30,11,11,21,26,21,7,23,20,12,12,29,0,12,6,6,9,6,3,9,11,16,22,11,8,7,4,11,3,16,0,12,0,7,17,6,2,1,6,2,9,0,4,14,18,18,0,24,5,9,11,0,4,34
2014/12/17,243,184,148,119,121,67,58,59,71,57,45,52,38,17,37,63,57,39,12,33,34,46,30,59,20,28,13,21,9,11,7,28,28,19,23,11,3,21,4,3,6,0,11,0,16,13,10,24,35,19,4,13,18,30,9,9,6,9,0,5,12,7,8,9,2,20,8,17,6,8,4,17,6,16,4,12,2,7,0,19,6,11,2,3,9,5,0,0,7,1,1,8,0,14,8,1,6,0,15,0
2014/12/18,187,165,178,135,111,98,66,62,72,37,44,112,47,37,29,27,61,30,30,38,58,38,27,75,22,40,25,25,15,16,12,31,33,11,16,14,24,56,12,13,24,0,9,0,23,16,12,19,23,9,16,16,8,9,7,9,17,21,0,20,14,21,5,15,7,11,24,13,20,14,8,5,15,5,10,14,2,4,1,4,9,11,0,7,12,7,0,0,20,8,1,1,0,23,5,14,6,0,2,29
2014/12/19,206,164,151,137,135,76,55,36,57,32,37,84,37,23,42,12,42,33,36,19,42,31,36,60,25,36,25,29,8,12,9,23,23,21,11,26,9,43,10,27,12,0,11,0,15,12,4,15,19,24,15,26,9,16,8,8,8,26,0,15,8,15,13,8,9,8,9,12,1,1,12,13,9,8,6,11,4,3,1,5,4,17,1,3,3,3,7,0,8,7,22,8,0,24,8,4,5,0,8,0
2014/12/20,243,145,127,85,88,76,52,69,37,54,34,30,33,54,29,26,31,22,32,19,80,29,35,67,39,7,11,24,5,21,8,60,14,35,51,20,10,39,7,31,2,0,14,0,14,10,27,20,14,16,17,12,9,25,12,9,8,7,0,11,20,3,7,17,9,9,15,9,3,5,8,7,6,5,7,7,4,16,2,4,8,6,3,16,3,7,2,0,17,16,0,12,0,6,5,11,0,0,11,0
2014/12/21,94,44,87,27,70,20,30,56,16,10,29,15,14,16,13,28,51,56,15,5,8,5,5,28,20,1,7,3,22,7,19,10,4,4,1,33,1,6,17,23,5,0,10,0,5,12,0,21,4,0,1,4,7,3,5,12,1,2,0,2,5,15,8,5,2,0,5,3,2,8,0,3,4,4,3,4,27,2,0,1,1,2,3,1,6,0,6,0,2,10,0,5,0,1,2,8,1,0,0,5
2014/12/22,0,1,1,0,37,0,37,0,0,1,2,0,0,0,0,0,28,1,3,2,0,0,0,25,0,0,0,0,3,0,10,0,0,0,0,10,8,0,3,0,16,0,0,0,0,1,0,0,2,2,0,0,0,1,0,0,0,0,0,0,4,0,0,0,0,1,0,0,6,0,0,0,3,0,7,0,0,1,0,0,0,0,0,0,4,0,0,0,0,0,0,0,0,0,0,1,0,0,0,0
2014/12/23,196,160,119,97,140,77,62,74,42,41,38,45,43,55,23,31,27,26,19,38,26,43,40,52,20,14,14,28,10,20,7,26,10,13,23,8,35,31,6,41,32,0,8,0,18,12,29,17,6,8,27,17,6,28,11,16,19,13,0,6,10,2,5,12,6,36,21,9,9,3,14,9,9,13,13,17,4,7,7,14,12,36,1,6,2,5,2,0,4,13,17,7,0,17,10,8,8,0,3,31
2014/12/24,303,180,156,113,117,109,48,59,49,44,31,45,39,14,45,56,50,33,28,21,64,28,19,72,25,20,16,20,11,16,8,20,32,24,16,14,26,16,8,28,2,0,17,0,18,20,16,22,19,4,11,5,30,21,5,14,5,12,0,5,11,5,9,9,5,22,11,21,8,8,8,20,15,13,12,10,4,11,5,3,8,12,2,9,6,0,7,0,11,6,0,11,0,13,6,4,8,0,2,1
2014/12/25,211,164,166,140,99,76,65,76,91,65,40,76,68,33,36,43,66,22,27,55,32,21,31,49,29,19,19,28,15,2,17,18,40,23,10,7,25,31,13,12,22,0,11,0,17,26,5,15,18,10,15,14,12,16,8,15,11,22,0,7,10,18,2,10,2,15,19,2,7,13,6,12,15,14,7,8,16,0,8,6,6,14,4,5,9,4,0,0,7,8,0,6,0,32,4,4,5,0,11,23
2014/12/26,177,161,195,126,64,62,22,43,62,31,34,91,25,19,30,14,31,40,33,22,79,32,23,26,41,29,24,21,26,22,17,23,11,16,17,18,6,38,12,9,8,0,9,0,11,17,10,15,31,11,21,8,2,12,18,6,9,20,0,0,4,4,3,4,11,10,8,15,3,6,6,5,8,10,9,18,9,7,2,16,2,8,0,10,1,10,2,0,8,6,22,3,0,10,2,8,3,0,10,0
2014/12/27,187,111,115,55,126,108,35,64,23,38,32,49,37,32,34,13,37,24,31,21,53,43,26,55,21,13,16,23,28,9,19,22,20,33,63,17,9,29,14,26,5,0,11,0,26,8,8,11,16,3,19,17,9,15,9,16,11,10,0,14,11,1,18,11,14,10,11,15,4,6,3,8,14,6,14,12,12,12,2,16,9,14,3,24,13,5,2,0,6,7,0,2,0,19,9,22,9,0,14,0
2014/12/28,97,41,66,28,42,47,24,51,18,13,27,19,11,31,12,13,15,46,25,13,13,10,24,20,10,7,23,15,11,7,15,10,2,13,0,7,4,20,8,16,3,0,14,0,2,1,0,12,5,9,16,0,5,0,9,14,1,0,0,3,17,2,8,6,3,1,13,6,2,3,7,1,11,14,3,7,0,0,0,0,0,5,3,6,15,1,11,0,0,6,0,6,0,4,5,5,2,0,0,5
2014/12/29,0,0,3,0,58,0,46,1,0,1,0,0,5,0,0,0,45,0,0,0,2,0,0,27,0,0,0,0,2,0,4,0,0,0,0,14,3,0,6,0,11,0,0,0,0,9,0,0,0,0,0,0,0,1,0,0,0,0,0,0,4,0,1,0,0,1,0,0,3,0,0,0,6,3,4,1,0,1,0,0,0,0,0,0,1,0,0,0,0,0,0,0,0,0,0,1,0,0,0,0
2014/12/30,232,124,129,69,76,114,52,97,30,25,18,23,24,36,37,41,59,51,48,50,67,20,28,51,29,17,20,27,26,20,42,28,9,11,17,21,37,38,20,25,33,0,13,0,12,7,27,17,7,8,17,16,3,14,13,10,13,8,0,10,8,2,15,15,7,13,11,16,10,12,14,4,13,3,9,17,6,13,2,14,7,15,2,2,10,11,1,0,6,12,22,9,0,19,17,22,10,0,13,21
2014/12/31,267,140,128,93,138,90,47,42,41,47,30,34,42,27,53,22,32,46,27,17,48,34,13,39,28,28,12,13,19,18,11,29,35,33,9,9,11,24,17,1,6,0,21,0,23,7,12,20,14,13,9,9,19,15,6,16,18,11,0,6,6,4,9,13,4,16,8,17,3,6,11,33,10,8,11,9,6,13,1,13,7,27,2,4,3,11,0,0,12,6,2,4,0,18,13,3,8,0,17,0
